,mock hard classifier,calibrated hard classifier,h_infinity: ideal classifier
0,Prediction: pos,"Prediction: [0.7681, 0.2319]","Prediction: [0.5, 0.5]"
1,Prediction: pos,"Prediction: [0.7681, 0.2319]","Prediction: [0.8, 0.2]"
2,Prediction: neg,"Prediction: [0.7681, 0.2319]","Prediction: [0.5, 0.5]"
3,Prediction: pos,"Prediction: [0.7681, 0.2319]","Prediction: [0.8, 0.2]"
4,Prediction: pos,"Prediction: [0.7681, 0.2319]","Prediction: [0.8, 0.2]"
5,Prediction: pos,"Prediction: [0.7681, 0.2319]","Prediction: [0.8, 0.2]"
6,Prediction: pos,"Prediction: [0.7681, 0.2319]","Prediction: [0.8, 0.2]"
7,Prediction: pos,"Prediction: [0.7681, 0.2319]","Prediction: [0.8, 0.2]"
8,Prediction: pos,"Prediction: [0.7681, 0.2319]","Prediction: [0.8, 0.2]"
9,Prediction: pos,"Prediction: [0.7681, 0.2319]","Prediction: [0.8, 0.2]"
10,Prediction: pos,"Prediction: [0.7681, 0.2319]","Prediction: [0.8, 0.2]"
11,Prediction: pos,"Prediction: [0.3226, 0.6774]","Prediction: [0.8, 0.2]"
12,Prediction: pos,"Prediction: [0.7681, 0.2319]","Prediction: [0.8, 0.2]"
13,Prediction: neg,"Prediction: [0.7681, 0.2319]","Prediction: [0.5, 0.5]"
14,Prediction: pos,"Prediction: [0.7681, 0.2319]","Prediction: [0.8, 0.2]"
15,Prediction: pos,"Prediction: [0.3226, 0.6774]","Prediction: [0.5, 0.5]"
16,Prediction: pos,"Prediction: [0.7681, 0.2319]","Prediction: [0.8, 0.2]"
17,Prediction: pos,"Prediction: [0.7681, 0.2319]","Prediction: [0.8, 0.2]"
18,Prediction: neg,"Prediction: [0.3226, 0.6774]","Prediction: [0.1, 0.9]"
19,Prediction: pos,"Prediction: [0.7681, 0.2319]","Prediction: [0.8, 0.2]"
20,Prediction: neg,"Prediction: [0.3226, 0.6774]","Prediction: [0.1, 0.9]"
21,Prediction: pos,"Prediction: [0.7681, 0.2319]","Prediction: [0.8, 0.2]"
22,Prediction: pos,"Prediction: [0.3226, 0.6774]","Prediction: [0.5, 0.5]"
23,Prediction: neg,"Prediction: [0.3226, 0.6774]","Prediction: [0.1, 0.9]"
24,Prediction: pos,"Prediction: [0.7681, 0.2319]","Prediction: [0.8, 0.2]"
25,Prediction: pos,"Prediction: [0.7681, 0.2319]","Prediction: [0.8, 0.2]"
26,Prediction: neg,"Prediction: [0.7681, 0.2319]","Prediction: [0.8, 0.2]"
27,Prediction: pos,"Prediction: [0.7681, 0.2319]","Prediction: [0.8, 0.2]"
28,Prediction: pos,"Prediction: [0.7681, 0.2319]","Prediction: [0.8, 0.2]"
29,Prediction: neg,"Prediction: [0.3226, 0.6774]","Prediction: [0.1, 0.9]"
30,Prediction: neg,"Prediction: [0.3226, 0.6774]","Prediction: [0.1, 0.9]"
31,Prediction: neg,"Prediction: [0.7681, 0.2319]","Prediction: [0.8, 0.2]"
32,Prediction: pos,"Prediction: [0.7681, 0.2319]","Prediction: [0.8, 0.2]"
33,Prediction: pos,"Prediction: [0.7681, 0.2319]","Prediction: [0.8, 0.2]"
34,Prediction: pos,"Prediction: [0.7681, 0.2319]","Prediction: [0.8, 0.2]"
35,Prediction: pos,"Prediction: [0.7681, 0.2319]","Prediction: [0.8, 0.2]"
36,Prediction: pos,"Prediction: [0.7681, 0.2319]","Prediction: [0.8, 0.2]"
37,Prediction: pos,"Prediction: [0.7681, 0.2319]","Prediction: [0.8, 0.2]"
38,Prediction: pos,"Prediction: [0.7681, 0.2319]","Prediction: [0.8, 0.2]"
39,Prediction: pos,"Prediction: [0.3226, 0.6774]","Prediction: [0.5, 0.5]"
40,Prediction: neg,"Prediction: [0.3226, 0.6774]","Prediction: [0.1, 0.9]"
41,Prediction: pos,"Prediction: [0.7681, 0.2319]","Prediction: [0.8, 0.2]"
42,Prediction: pos,"Prediction: [0.7681, 0.2319]","Prediction: [0.8, 0.2]"
43,Prediction: neg,"Prediction: [0.3226, 0.6774]","Prediction: [0.1, 0.9]"
44,Prediction: pos,"Prediction: [0.7681, 0.2319]","Prediction: [0.8, 0.2]"
45,Prediction: pos,"Prediction: [0.7681, 0.2319]","Prediction: [0.8, 0.2]"
46,Prediction: neg,"Prediction: [0.7681, 0.2319]","Prediction: [0.8, 0.2]"
47,Prediction: pos,"Prediction: [0.3226, 0.6774]","Prediction: [0.5, 0.5]"
48,Prediction: neg,"Prediction: [0.7681, 0.2319]","Prediction: [0.8, 0.2]"
49,Prediction: neg,"Prediction: [0.3226, 0.6774]","Prediction: [0.1, 0.9]"
50,Prediction: pos,"Prediction: [0.7681, 0.2319]","Prediction: [0.8, 0.2]"
51,Prediction: neg,"Prediction: [0.7681, 0.2319]","Prediction: [0.8, 0.2]"
52,Prediction: pos,"Prediction: [0.7681, 0.2319]","Prediction: [0.8, 0.2]"
53,Prediction: pos,"Prediction: [0.3226, 0.6774]","Prediction: [0.8, 0.2]"
54,Prediction: pos,"Prediction: [0.3226, 0.6774]","Prediction: [0.8, 0.2]"
55,Prediction: pos,"Prediction: [0.7681, 0.2319]","Prediction: [0.8, 0.2]"
56,Prediction: pos,"Prediction: [0.3226, 0.6774]","Prediction: [0.5, 0.5]"
57,Prediction: pos,"Prediction: [0.7681, 0.2319]","Prediction: [0.8, 0.2]"
58,Prediction: neg,"Prediction: [0.3226, 0.6774]","Prediction: [0.1, 0.9]"
59,Prediction: pos,"Prediction: [0.7681, 0.2319]","Prediction: [0.8, 0.2]"
60,Prediction: neg,"Prediction: [0.3226, 0.6774]","Prediction: [0.5, 0.5]"
61,Prediction: pos,"Prediction: [0.7681, 0.2319]","Prediction: [0.8, 0.2]"
62,Prediction: pos,"Prediction: [0.7681, 0.2319]","Prediction: [0.8, 0.2]"
63,Prediction: neg,"Prediction: [0.7681, 0.2319]","Prediction: [0.5, 0.5]"
64,Prediction: neg,"Prediction: [0.3226, 0.6774]","Prediction: [0.1, 0.9]"
65,Prediction: pos,"Prediction: [0.7681, 0.2319]","Prediction: [0.8, 0.2]"
66,Prediction: neg,"Prediction: [0.7681, 0.2319]","Prediction: [0.5, 0.5]"
67,Prediction: neg,"Prediction: [0.3226, 0.6774]","Prediction: [0.1, 0.9]"
68,Prediction: pos,"Prediction: [0.7681, 0.2319]","Prediction: [0.8, 0.2]"
69,Prediction: pos,"Prediction: [0.7681, 0.2319]","Prediction: [0.8, 0.2]"
70,Prediction: pos,"Prediction: [0.7681, 0.2319]","Prediction: [0.5, 0.5]"
71,Prediction: neg,"Prediction: [0.7681, 0.2319]","Prediction: [0.1, 0.9]"
72,Prediction: neg,"Prediction: [0.3226, 0.6774]","Prediction: [0.5, 0.5]"
73,Prediction: pos,"Prediction: [0.7681, 0.2319]","Prediction: [0.8, 0.2]"
74,Prediction: neg,"Prediction: [0.7681, 0.2319]","Prediction: [0.5, 0.5]"
75,Prediction: neg,"Prediction: [0.7681, 0.2319]","Prediction: [0.8, 0.2]"
76,Prediction: pos,"Prediction: [0.7681, 0.2319]","Prediction: [0.8, 0.2]"
77,Prediction: pos,"Prediction: [0.3226, 0.6774]","Prediction: [0.8, 0.2]"
78,Prediction: neg,"Prediction: [0.3226, 0.6774]","Prediction: [0.1, 0.9]"
79,Prediction: pos,"Prediction: [0.7681, 0.2319]","Prediction: [0.8, 0.2]"
80,Prediction: pos,"Prediction: [0.7681, 0.2319]","Prediction: [0.8, 0.2]"
81,Prediction: pos,"Prediction: [0.3226, 0.6774]","Prediction: [0.1, 0.9]"
82,Prediction: pos,"Prediction: [0.7681, 0.2319]","Prediction: [0.8, 0.2]"
83,Prediction: pos,"Prediction: [0.7681, 0.2319]","Prediction: [0.8, 0.2]"
84,Prediction: pos,"Prediction: [0.7681, 0.2319]","Prediction: [0.8, 0.2]"
85,Prediction: pos,"Prediction: [0.7681, 0.2319]","Prediction: [0.8, 0.2]"
86,Prediction: neg,"Prediction: [0.7681, 0.2319]","Prediction: [0.8, 0.2]"
87,Prediction: neg,"Prediction: [0.3226, 0.6774]","Prediction: [0.5, 0.5]"
88,Prediction: pos,"Prediction: [0.3226, 0.6774]","Prediction: [0.8, 0.2]"
89,Prediction: neg,"Prediction: [0.3226, 0.6774]","Prediction: [0.1, 0.9]"
90,Prediction: neg,"Prediction: [0.3226, 0.6774]","Prediction: [0.1, 0.9]"
91,Prediction: neg,"Prediction: [0.3226, 0.6774]","Prediction: [0.1, 0.9]"
92,Prediction: pos,"Prediction: [0.7681, 0.2319]","Prediction: [0.8, 0.2]"
93,Prediction: pos,"Prediction: [0.7681, 0.2319]","Prediction: [0.8, 0.2]"
94,Prediction: pos,"Prediction: [0.7681, 0.2319]","Prediction: [0.8, 0.2]"
95,Prediction: neg,"Prediction: [0.3226, 0.6774]","Prediction: [0.1, 0.9]"
96,Prediction: neg,"Prediction: [0.7681, 0.2319]","Prediction: [0.5, 0.5]"
97,Prediction: neg,"Prediction: [0.3226, 0.6774]","Prediction: [0.1, 0.9]"
98,Prediction: pos,"Prediction: [0.3226, 0.6774]","Prediction: [0.8, 0.2]"
99,Prediction: pos,"Prediction: [0.3226, 0.6774]","Prediction: [0.8, 0.2]"
100,Prediction: neg,"Prediction: [0.3226, 0.6774]","Prediction: [0.1, 0.9]"
101,Prediction: pos,"Prediction: [0.7681, 0.2319]","Prediction: [0.8, 0.2]"
102,Prediction: pos,"Prediction: [0.7681, 0.2319]","Prediction: [0.8, 0.2]"
103,Prediction: neg,"Prediction: [0.7681, 0.2319]","Prediction: [0.8, 0.2]"
104,Prediction: pos,"Prediction: [0.7681, 0.2319]","Prediction: [0.8, 0.2]"
105,Prediction: pos,"Prediction: [0.7681, 0.2319]","Prediction: [0.8, 0.2]"
106,Prediction: pos,"Prediction: [0.7681, 0.2319]","Prediction: [0.8, 0.2]"
107,Prediction: pos,"Prediction: [0.7681, 0.2319]","Prediction: [0.8, 0.2]"
108,Prediction: pos,"Prediction: [0.7681, 0.2319]","Prediction: [0.8, 0.2]"
109,Prediction: pos,"Prediction: [0.7681, 0.2319]","Prediction: [0.8, 0.2]"
110,Prediction: pos,"Prediction: [0.7681, 0.2319]","Prediction: [0.8, 0.2]"
111,Prediction: pos,"Prediction: [0.7681, 0.2319]","Prediction: [0.8, 0.2]"
112,Prediction: neg,"Prediction: [0.7681, 0.2319]","Prediction: [0.1, 0.9]"
113,Prediction: pos,"Prediction: [0.7681, 0.2319]","Prediction: [0.8, 0.2]"
114,Prediction: pos,"Prediction: [0.7681, 0.2319]","Prediction: [0.8, 0.2]"
115,Prediction: pos,"Prediction: [0.7681, 0.2319]","Prediction: [0.8, 0.2]"
116,Prediction: pos,"Prediction: [0.7681, 0.2319]","Prediction: [0.8, 0.2]"
117,Prediction: neg,"Prediction: [0.3226, 0.6774]","Prediction: [0.1, 0.9]"
118,Prediction: neg,"Prediction: [0.3226, 0.6774]","Prediction: [0.1, 0.9]"
119,Prediction: pos,"Prediction: [0.7681, 0.2319]","Prediction: [0.8, 0.2]"
120,Prediction: neg,"Prediction: [0.3226, 0.6774]","Prediction: [0.1, 0.9]"
121,Prediction: pos,"Prediction: [0.7681, 0.2319]","Prediction: [0.8, 0.2]"
122,Prediction: pos,"Prediction: [0.7681, 0.2319]","Prediction: [0.8, 0.2]"
123,Prediction: neg,"Prediction: [0.3226, 0.6774]","Prediction: [0.8, 0.2]"
124,Prediction: pos,"Prediction: [0.7681, 0.2319]","Prediction: [0.8, 0.2]"
125,Prediction: pos,"Prediction: [0.7681, 0.2319]","Prediction: [0.8, 0.2]"
126,Prediction: pos,"Prediction: [0.7681, 0.2319]","Prediction: [0.8, 0.2]"
127,Prediction: neg,"Prediction: [0.3226, 0.6774]","Prediction: [0.1, 0.9]"
128,Prediction: pos,"Prediction: [0.7681, 0.2319]","Prediction: [0.8, 0.2]"
129,Prediction: neg,"Prediction: [0.7681, 0.2319]","Prediction: [0.1, 0.9]"
130,Prediction: pos,"Prediction: [0.7681, 0.2319]","Prediction: [0.8, 0.2]"
131,Prediction: neg,"Prediction: [0.3226, 0.6774]","Prediction: [0.1, 0.9]"
132,Prediction: pos,"Prediction: [0.7681, 0.2319]","Prediction: [0.5, 0.5]"
133,Prediction: pos,"Prediction: [0.3226, 0.6774]","Prediction: [0.5, 0.5]"
134,Prediction: neg,"Prediction: [0.3226, 0.6774]","Prediction: [0.5, 0.5]"
135,Prediction: neg,"Prediction: [0.3226, 0.6774]","Prediction: [0.1, 0.9]"
136,Prediction: neg,"Prediction: [0.7681, 0.2319]","Prediction: [0.1, 0.9]"
137,Prediction: pos,"Prediction: [0.7681, 0.2319]","Prediction: [0.8, 0.2]"
138,Prediction: pos,"Prediction: [0.3226, 0.6774]","Prediction: [0.8, 0.2]"
139,Prediction: neg,"Prediction: [0.3226, 0.6774]","Prediction: [0.1, 0.9]"
140,Prediction: pos,"Prediction: [0.7681, 0.2319]","Prediction: [0.8, 0.2]"
141,Prediction: pos,"Prediction: [0.7681, 0.2319]","Prediction: [0.8, 0.2]"
142,Prediction: pos,"Prediction: [0.3226, 0.6774]","Prediction: [0.5, 0.5]"
143,Prediction: neg,"Prediction: [0.3226, 0.6774]","Prediction: [0.1, 0.9]"
144,Prediction: pos,"Prediction: [0.7681, 0.2319]","Prediction: [0.8, 0.2]"
145,Prediction: neg,"Prediction: [0.3226, 0.6774]","Prediction: [0.1, 0.9]"
146,Prediction: pos,"Prediction: [0.7681, 0.2319]","Prediction: [0.8, 0.2]"
147,Prediction: neg,"Prediction: [0.7681, 0.2319]","Prediction: [0.5, 0.5]"
148,Prediction: pos,"Prediction: [0.7681, 0.2319]","Prediction: [0.8, 0.2]"
149,Prediction: pos,"Prediction: [0.7681, 0.2319]","Prediction: [0.8, 0.2]"
150,Prediction: neg,"Prediction: [0.3226, 0.6774]","Prediction: [0.1, 0.9]"
151,Prediction: neg,"Prediction: [0.3226, 0.6774]","Prediction: [0.1, 0.9]"
152,Prediction: pos,"Prediction: [0.7681, 0.2319]","Prediction: [0.8, 0.2]"
153,Prediction: pos,"Prediction: [0.7681, 0.2319]","Prediction: [0.8, 0.2]"
154,Prediction: pos,"Prediction: [0.7681, 0.2319]","Prediction: [0.8, 0.2]"
155,Prediction: neg,"Prediction: [0.3226, 0.6774]","Prediction: [0.1, 0.9]"
156,Prediction: neg,"Prediction: [0.3226, 0.6774]","Prediction: [0.1, 0.9]"
157,Prediction: pos,"Prediction: [0.7681, 0.2319]","Prediction: [0.8, 0.2]"
158,Prediction: pos,"Prediction: [0.7681, 0.2319]","Prediction: [0.8, 0.2]"
159,Prediction: pos,"Prediction: [0.7681, 0.2319]","Prediction: [0.8, 0.2]"
160,Prediction: pos,"Prediction: [0.7681, 0.2319]","Prediction: [0.8, 0.2]"
161,Prediction: pos,"Prediction: [0.7681, 0.2319]","Prediction: [0.5, 0.5]"
162,Prediction: pos,"Prediction: [0.7681, 0.2319]","Prediction: [0.8, 0.2]"
163,Prediction: neg,"Prediction: [0.3226, 0.6774]","Prediction: [0.5, 0.5]"
164,Prediction: neg,"Prediction: [0.3226, 0.6774]","Prediction: [0.1, 0.9]"
165,Prediction: pos,"Prediction: [0.7681, 0.2319]","Prediction: [0.8, 0.2]"
166,Prediction: pos,"Prediction: [0.7681, 0.2319]","Prediction: [0.8, 0.2]"
167,Prediction: pos,"Prediction: [0.3226, 0.6774]","Prediction: [0.8, 0.2]"
168,Prediction: pos,"Prediction: [0.7681, 0.2319]","Prediction: [0.8, 0.2]"
169,Prediction: pos,"Prediction: [0.7681, 0.2319]","Prediction: [0.8, 0.2]"
170,Prediction: pos,"Prediction: [0.7681, 0.2319]","Prediction: [0.8, 0.2]"
171,Prediction: neg,"Prediction: [0.7681, 0.2319]","Prediction: [0.8, 0.2]"
172,Prediction: neg,"Prediction: [0.7681, 0.2319]","Prediction: [0.8, 0.2]"
173,Prediction: pos,"Prediction: [0.7681, 0.2319]","Prediction: [0.8, 0.2]"
174,Prediction: pos,"Prediction: [0.7681, 0.2319]","Prediction: [0.8, 0.2]"
175,Prediction: neg,"Prediction: [0.3226, 0.6774]","Prediction: [0.1, 0.9]"
176,Prediction: neg,"Prediction: [0.3226, 0.6774]","Prediction: [0.1, 0.9]"
177,Prediction: neg,"Prediction: [0.3226, 0.6774]","Prediction: [0.1, 0.9]"
178,Prediction: neg,"Prediction: [0.7681, 0.2319]","Prediction: [0.8, 0.2]"
179,Prediction: pos,"Prediction: [0.7681, 0.2319]","Prediction: [0.8, 0.2]"
180,Prediction: neg,"Prediction: [0.7681, 0.2319]","Prediction: [0.5, 0.5]"
181,Prediction: pos,"Prediction: [0.7681, 0.2319]","Prediction: [0.8, 0.2]"
182,Prediction: pos,"Prediction: [0.7681, 0.2319]","Prediction: [0.8, 0.2]"
183,Prediction: neg,"Prediction: [0.3226, 0.6774]","Prediction: [0.1, 0.9]"
184,Prediction: pos,"Prediction: [0.7681, 0.2319]","Prediction: [0.8, 0.2]"
185,Prediction: pos,"Prediction: [0.7681, 0.2319]","Prediction: [0.8, 0.2]"
186,Prediction: pos,"Prediction: [0.7681, 0.2319]","Prediction: [0.8, 0.2]"
187,Prediction: neg,"Prediction: [0.3226, 0.6774]","Prediction: [0.5, 0.5]"
188,Prediction: pos,"Prediction: [0.7681, 0.2319]","Prediction: [0.8, 0.2]"
189,Prediction: pos,"Prediction: [0.7681, 0.2319]","Prediction: [0.8, 0.2]"
190,Prediction: pos,"Prediction: [0.7681, 0.2319]","Prediction: [0.8, 0.2]"
191,Prediction: pos,"Prediction: [0.3226, 0.6774]","Prediction: [0.8, 0.2]"
192,Prediction: pos,"Prediction: [0.7681, 0.2319]","Prediction: [0.8, 0.2]"
193,Prediction: pos,"Prediction: [0.7681, 0.2319]","Prediction: [0.8, 0.2]"
194,Prediction: pos,"Prediction: [0.7681, 0.2319]","Prediction: [0.8, 0.2]"
195,Prediction: pos,"Prediction: [0.7681, 0.2319]","Prediction: [0.8, 0.2]"
196,Prediction: pos,"Prediction: [0.3226, 0.6774]","Prediction: [0.5, 0.5]"
197,Prediction: pos,"Prediction: [0.7681, 0.2319]","Prediction: [0.8, 0.2]"
198,Prediction: pos,"Prediction: [0.7681, 0.2319]","Prediction: [0.8, 0.2]"
199,Prediction: pos,"Prediction: [0.7681, 0.2319]","Prediction: [0.8, 0.2]"
200,Prediction: pos,"Prediction: [0.7681, 0.2319]","Prediction: [0.8, 0.2]"
201,Prediction: pos,"Prediction: [0.7681, 0.2319]","Prediction: [0.8, 0.2]"
202,Prediction: pos,"Prediction: [0.7681, 0.2319]","Prediction: [0.8, 0.2]"
203,Prediction: pos,"Prediction: [0.7681, 0.2319]","Prediction: [0.8, 0.2]"
204,Prediction: pos,"Prediction: [0.7681, 0.2319]","Prediction: [0.8, 0.2]"
205,Prediction: pos,"Prediction: [0.7681, 0.2319]","Prediction: [0.8, 0.2]"
206,Prediction: pos,"Prediction: [0.7681, 0.2319]","Prediction: [0.8, 0.2]"
207,Prediction: pos,"Prediction: [0.7681, 0.2319]","Prediction: [0.8, 0.2]"
208,Prediction: neg,"Prediction: [0.3226, 0.6774]","Prediction: [0.5, 0.5]"
209,Prediction: pos,"Prediction: [0.3226, 0.6774]","Prediction: [0.5, 0.5]"
210,Prediction: pos,"Prediction: [0.7681, 0.2319]","Prediction: [0.8, 0.2]"
211,Prediction: pos,"Prediction: [0.7681, 0.2319]","Prediction: [0.8, 0.2]"
212,Prediction: pos,"Prediction: [0.7681, 0.2319]","Prediction: [0.8, 0.2]"
213,Prediction: neg,"Prediction: [0.3226, 0.6774]","Prediction: [0.1, 0.9]"
214,Prediction: neg,"Prediction: [0.3226, 0.6774]","Prediction: [0.1, 0.9]"
215,Prediction: neg,"Prediction: [0.7681, 0.2319]","Prediction: [0.8, 0.2]"
216,Prediction: neg,"Prediction: [0.7681, 0.2319]","Prediction: [0.8, 0.2]"
217,Prediction: pos,"Prediction: [0.7681, 0.2319]","Prediction: [0.8, 0.2]"
218,Prediction: pos,"Prediction: [0.7681, 0.2319]","Prediction: [0.8, 0.2]"
219,Prediction: pos,"Prediction: [0.3226, 0.6774]","Prediction: [0.8, 0.2]"
220,Prediction: neg,"Prediction: [0.3226, 0.6774]","Prediction: [0.5, 0.5]"
221,Prediction: neg,"Prediction: [0.3226, 0.6774]","Prediction: [0.1, 0.9]"
222,Prediction: neg,"Prediction: [0.3226, 0.6774]","Prediction: [0.1, 0.9]"
223,Prediction: neg,"Prediction: [0.7681, 0.2319]","Prediction: [0.8, 0.2]"
224,Prediction: pos,"Prediction: [0.7681, 0.2319]","Prediction: [0.5, 0.5]"
225,Prediction: pos,"Prediction: [0.7681, 0.2319]","Prediction: [0.8, 0.2]"
226,Prediction: pos,"Prediction: [0.7681, 0.2319]","Prediction: [0.8, 0.2]"
227,Prediction: pos,"Prediction: [0.7681, 0.2319]","Prediction: [0.8, 0.2]"
228,Prediction: pos,"Prediction: [0.7681, 0.2319]","Prediction: [0.8, 0.2]"
229,Prediction: pos,"Prediction: [0.7681, 0.2319]","Prediction: [0.8, 0.2]"
230,Prediction: pos,"Prediction: [0.7681, 0.2319]","Prediction: [0.8, 0.2]"
231,Prediction: neg,"Prediction: [0.3226, 0.6774]","Prediction: [0.1, 0.9]"
232,Prediction: pos,"Prediction: [0.7681, 0.2319]","Prediction: [0.8, 0.2]"
233,Prediction: neg,"Prediction: [0.7681, 0.2319]","Prediction: [0.8, 0.2]"
234,Prediction: pos,"Prediction: [0.7681, 0.2319]","Prediction: [0.8, 0.2]"
235,Prediction: pos,"Prediction: [0.7681, 0.2319]","Prediction: [0.8, 0.2]"
236,Prediction: pos,"Prediction: [0.7681, 0.2319]","Prediction: [0.8, 0.2]"
237,Prediction: pos,"Prediction: [0.3226, 0.6774]","Prediction: [0.8, 0.2]"
238,Prediction: pos,"Prediction: [0.7681, 0.2319]","Prediction: [0.8, 0.2]"
239,Prediction: pos,"Prediction: [0.7681, 0.2319]","Prediction: [0.8, 0.2]"
240,Prediction: neg,"Prediction: [0.7681, 0.2319]","Prediction: [0.5, 0.5]"
241,Prediction: pos,"Prediction: [0.7681, 0.2319]","Prediction: [0.8, 0.2]"
242,Prediction: pos,"Prediction: [0.7681, 0.2319]","Prediction: [0.8, 0.2]"
243,Prediction: pos,"Prediction: [0.7681, 0.2319]","Prediction: [0.8, 0.2]"
244,Prediction: neg,"Prediction: [0.3226, 0.6774]","Prediction: [0.1, 0.9]"
245,Prediction: pos,"Prediction: [0.7681, 0.2319]","Prediction: [0.8, 0.2]"
246,Prediction: pos,"Prediction: [0.7681, 0.2319]","Prediction: [0.8, 0.2]"
247,Prediction: pos,"Prediction: [0.7681, 0.2319]","Prediction: [0.8, 0.2]"
248,Prediction: pos,"Prediction: [0.3226, 0.6774]","Prediction: [0.5, 0.5]"
249,Prediction: pos,"Prediction: [0.7681, 0.2319]","Prediction: [0.8, 0.2]"
250,Prediction: neg,"Prediction: [0.7681, 0.2319]","Prediction: [0.8, 0.2]"
251,Prediction: pos,"Prediction: [0.3226, 0.6774]","Prediction: [0.8, 0.2]"
252,Prediction: pos,"Prediction: [0.7681, 0.2319]","Prediction: [0.5, 0.5]"
253,Prediction: neg,"Prediction: [0.3226, 0.6774]","Prediction: [0.1, 0.9]"
254,Prediction: pos,"Prediction: [0.7681, 0.2319]","Prediction: [0.8, 0.2]"
255,Prediction: pos,"Prediction: [0.7681, 0.2319]","Prediction: [0.8, 0.2]"
256,Prediction: neg,"Prediction: [0.3226, 0.6774]","Prediction: [0.1, 0.9]"
257,Prediction: neg,"Prediction: [0.7681, 0.2319]","Prediction: [0.5, 0.5]"
258,Prediction: pos,"Prediction: [0.7681, 0.2319]","Prediction: [0.8, 0.2]"
259,Prediction: pos,"Prediction: [0.7681, 0.2319]","Prediction: [0.8, 0.2]"
260,Prediction: pos,"Prediction: [0.7681, 0.2319]","Prediction: [0.8, 0.2]"
261,Prediction: pos,"Prediction: [0.7681, 0.2319]","Prediction: [0.8, 0.2]"
262,Prediction: pos,"Prediction: [0.7681, 0.2319]","Prediction: [0.8, 0.2]"
263,Prediction: neg,"Prediction: [0.3226, 0.6774]","Prediction: [0.1, 0.9]"
264,Prediction: pos,"Prediction: [0.3226, 0.6774]","Prediction: [0.8, 0.2]"
265,Prediction: neg,"Prediction: [0.7681, 0.2319]","Prediction: [0.8, 0.2]"
266,Prediction: pos,"Prediction: [0.7681, 0.2319]","Prediction: [0.8, 0.2]"
267,Prediction: neg,"Prediction: [0.7681, 0.2319]","Prediction: [0.8, 0.2]"
268,Prediction: neg,"Prediction: [0.3226, 0.6774]","Prediction: [0.1, 0.9]"
269,Prediction: pos,"Prediction: [0.3226, 0.6774]","Prediction: [0.8, 0.2]"
270,Prediction: pos,"Prediction: [0.7681, 0.2319]","Prediction: [0.8, 0.2]"
271,Prediction: pos,"Prediction: [0.7681, 0.2319]","Prediction: [0.8, 0.2]"
272,Prediction: pos,"Prediction: [0.3226, 0.6774]","Prediction: [0.8, 0.2]"
273,Prediction: pos,"Prediction: [0.7681, 0.2319]","Prediction: [0.8, 0.2]"
274,Prediction: pos,"Prediction: [0.7681, 0.2319]","Prediction: [0.8, 0.2]"
275,Prediction: pos,"Prediction: [0.7681, 0.2319]","Prediction: [0.8, 0.2]"
276,Prediction: pos,"Prediction: [0.7681, 0.2319]","Prediction: [0.8, 0.2]"
277,Prediction: pos,"Prediction: [0.7681, 0.2319]","Prediction: [0.8, 0.2]"
278,Prediction: pos,"Prediction: [0.7681, 0.2319]","Prediction: [0.8, 0.2]"
279,Prediction: pos,"Prediction: [0.3226, 0.6774]","Prediction: [0.8, 0.2]"
280,Prediction: pos,"Prediction: [0.7681, 0.2319]","Prediction: [0.8, 0.2]"
281,Prediction: pos,"Prediction: [0.7681, 0.2319]","Prediction: [0.8, 0.2]"
282,Prediction: neg,"Prediction: [0.3226, 0.6774]","Prediction: [0.1, 0.9]"
283,Prediction: neg,"Prediction: [0.3226, 0.6774]","Prediction: [0.1, 0.9]"
284,Prediction: neg,"Prediction: [0.7681, 0.2319]","Prediction: [0.5, 0.5]"
285,Prediction: pos,"Prediction: [0.7681, 0.2319]","Prediction: [0.8, 0.2]"
286,Prediction: neg,"Prediction: [0.7681, 0.2319]","Prediction: [0.5, 0.5]"
287,Prediction: pos,"Prediction: [0.3226, 0.6774]","Prediction: [0.8, 0.2]"
288,Prediction: pos,"Prediction: [0.7681, 0.2319]","Prediction: [0.8, 0.2]"
289,Prediction: pos,"Prediction: [0.3226, 0.6774]","Prediction: [0.8, 0.2]"
290,Prediction: pos,"Prediction: [0.3226, 0.6774]","Prediction: [0.5, 0.5]"
291,Prediction: pos,"Prediction: [0.7681, 0.2319]","Prediction: [0.8, 0.2]"
292,Prediction: neg,"Prediction: [0.3226, 0.6774]","Prediction: [0.1, 0.9]"
293,Prediction: pos,"Prediction: [0.7681, 0.2319]","Prediction: [0.8, 0.2]"
294,Prediction: neg,"Prediction: [0.3226, 0.6774]","Prediction: [0.1, 0.9]"
295,Prediction: neg,"Prediction: [0.3226, 0.6774]","Prediction: [0.5, 0.5]"
296,Prediction: pos,"Prediction: [0.7681, 0.2319]","Prediction: [0.8, 0.2]"
297,Prediction: pos,"Prediction: [0.3226, 0.6774]","Prediction: [0.5, 0.5]"
298,Prediction: pos,"Prediction: [0.7681, 0.2319]","Prediction: [0.8, 0.2]"
299,Prediction: neg,"Prediction: [0.7681, 0.2319]","Prediction: [0.5, 0.5]"
300,Prediction: pos,"Prediction: [0.7681, 0.2319]","Prediction: [0.8, 0.2]"
301,Prediction: pos,"Prediction: [0.7681, 0.2319]","Prediction: [0.8, 0.2]"
302,Prediction: neg,"Prediction: [0.7681, 0.2319]","Prediction: [0.8, 0.2]"
303,Prediction: pos,"Prediction: [0.7681, 0.2319]","Prediction: [0.8, 0.2]"
304,Prediction: neg,"Prediction: [0.3226, 0.6774]","Prediction: [0.1, 0.9]"
305,Prediction: pos,"Prediction: [0.7681, 0.2319]","Prediction: [0.8, 0.2]"
306,Prediction: neg,"Prediction: [0.3226, 0.6774]","Prediction: [0.5, 0.5]"
307,Prediction: neg,"Prediction: [0.3226, 0.6774]","Prediction: [0.1, 0.9]"
308,Prediction: neg,"Prediction: [0.3226, 0.6774]","Prediction: [0.1, 0.9]"
309,Prediction: neg,"Prediction: [0.3226, 0.6774]","Prediction: [0.1, 0.9]"
310,Prediction: neg,"Prediction: [0.3226, 0.6774]","Prediction: [0.1, 0.9]"
311,Prediction: pos,"Prediction: [0.3226, 0.6774]","Prediction: [0.5, 0.5]"
312,Prediction: pos,"Prediction: [0.7681, 0.2319]","Prediction: [0.8, 0.2]"
313,Prediction: pos,"Prediction: [0.7681, 0.2319]","Prediction: [0.8, 0.2]"
314,Prediction: pos,"Prediction: [0.3226, 0.6774]","Prediction: [0.8, 0.2]"
315,Prediction: pos,"Prediction: [0.7681, 0.2319]","Prediction: [0.8, 0.2]"
316,Prediction: pos,"Prediction: [0.7681, 0.2319]","Prediction: [0.8, 0.2]"
317,Prediction: neg,"Prediction: [0.3226, 0.6774]","Prediction: [0.1, 0.9]"
318,Prediction: pos,"Prediction: [0.7681, 0.2319]","Prediction: [0.8, 0.2]"
319,Prediction: neg,"Prediction: [0.3226, 0.6774]","Prediction: [0.1, 0.9]"
320,Prediction: neg,"Prediction: [0.7681, 0.2319]","Prediction: [0.5, 0.5]"
321,Prediction: pos,"Prediction: [0.7681, 0.2319]","Prediction: [0.8, 0.2]"
322,Prediction: pos,"Prediction: [0.7681, 0.2319]","Prediction: [0.8, 0.2]"
323,Prediction: pos,"Prediction: [0.3226, 0.6774]","Prediction: [0.8, 0.2]"
324,Prediction: pos,"Prediction: [0.7681, 0.2319]","Prediction: [0.8, 0.2]"
325,Prediction: pos,"Prediction: [0.7681, 0.2319]","Prediction: [0.8, 0.2]"
326,Prediction: pos,"Prediction: [0.7681, 0.2319]","Prediction: [0.8, 0.2]"
327,Prediction: pos,"Prediction: [0.7681, 0.2319]","Prediction: [0.8, 0.2]"
328,Prediction: pos,"Prediction: [0.7681, 0.2319]","Prediction: [0.8, 0.2]"
329,Prediction: pos,"Prediction: [0.3226, 0.6774]","Prediction: [0.8, 0.2]"
330,Prediction: neg,"Prediction: [0.3226, 0.6774]","Prediction: [0.1, 0.9]"
331,Prediction: pos,"Prediction: [0.7681, 0.2319]","Prediction: [0.8, 0.2]"
332,Prediction: pos,"Prediction: [0.7681, 0.2319]","Prediction: [0.8, 0.2]"
333,Prediction: pos,"Prediction: [0.7681, 0.2319]","Prediction: [0.8, 0.2]"
334,Prediction: pos,"Prediction: [0.3226, 0.6774]","Prediction: [0.8, 0.2]"
335,Prediction: neg,"Prediction: [0.3226, 0.6774]","Prediction: [0.1, 0.9]"
336,Prediction: pos,"Prediction: [0.7681, 0.2319]","Prediction: [0.8, 0.2]"
337,Prediction: neg,"Prediction: [0.3226, 0.6774]","Prediction: [0.1, 0.9]"
338,Prediction: pos,"Prediction: [0.7681, 0.2319]","Prediction: [0.8, 0.2]"
339,Prediction: neg,"Prediction: [0.3226, 0.6774]","Prediction: [0.1, 0.9]"
340,Prediction: pos,"Prediction: [0.7681, 0.2319]","Prediction: [0.8, 0.2]"
341,Prediction: pos,"Prediction: [0.7681, 0.2319]","Prediction: [0.8, 0.2]"
342,Prediction: pos,"Prediction: [0.7681, 0.2319]","Prediction: [0.8, 0.2]"
343,Prediction: pos,"Prediction: [0.7681, 0.2319]","Prediction: [0.8, 0.2]"
344,Prediction: pos,"Prediction: [0.3226, 0.6774]","Prediction: [0.8, 0.2]"
345,Prediction: pos,"Prediction: [0.7681, 0.2319]","Prediction: [0.8, 0.2]"
346,Prediction: pos,"Prediction: [0.7681, 0.2319]","Prediction: [0.8, 0.2]"
347,Prediction: pos,"Prediction: [0.7681, 0.2319]","Prediction: [0.8, 0.2]"
348,Prediction: pos,"Prediction: [0.7681, 0.2319]","Prediction: [0.8, 0.2]"
349,Prediction: neg,"Prediction: [0.3226, 0.6774]","Prediction: [0.1, 0.9]"
350,Prediction: pos,"Prediction: [0.7681, 0.2319]","Prediction: [0.8, 0.2]"
351,Prediction: pos,"Prediction: [0.3226, 0.6774]","Prediction: [0.1, 0.9]"
352,Prediction: pos,"Prediction: [0.7681, 0.2319]","Prediction: [0.8, 0.2]"
353,Prediction: pos,"Prediction: [0.3226, 0.6774]","Prediction: [0.8, 0.2]"
354,Prediction: neg,"Prediction: [0.3226, 0.6774]","Prediction: [0.1, 0.9]"
355,Prediction: pos,"Prediction: [0.7681, 0.2319]","Prediction: [0.8, 0.2]"
356,Prediction: pos,"Prediction: [0.7681, 0.2319]","Prediction: [0.8, 0.2]"
357,Prediction: pos,"Prediction: [0.7681, 0.2319]","Prediction: [0.8, 0.2]"
358,Prediction: pos,"Prediction: [0.7681, 0.2319]","Prediction: [0.8, 0.2]"
359,Prediction: pos,"Prediction: [0.7681, 0.2319]","Prediction: [0.8, 0.2]"
360,Prediction: pos,"Prediction: [0.7681, 0.2319]","Prediction: [0.8, 0.2]"
361,Prediction: pos,"Prediction: [0.7681, 0.2319]","Prediction: [0.8, 0.2]"
362,Prediction: pos,"Prediction: [0.7681, 0.2319]","Prediction: [0.8, 0.2]"
363,Prediction: pos,"Prediction: [0.7681, 0.2319]","Prediction: [0.8, 0.2]"
364,Prediction: pos,"Prediction: [0.7681, 0.2319]","Prediction: [0.8, 0.2]"
365,Prediction: neg,"Prediction: [0.3226, 0.6774]","Prediction: [0.1, 0.9]"
366,Prediction: pos,"Prediction: [0.7681, 0.2319]","Prediction: [0.8, 0.2]"
367,Prediction: neg,"Prediction: [0.7681, 0.2319]","Prediction: [0.8, 0.2]"
368,Prediction: neg,"Prediction: [0.3226, 0.6774]","Prediction: [0.1, 0.9]"
369,Prediction: pos,"Prediction: [0.7681, 0.2319]","Prediction: [0.8, 0.2]"
370,Prediction: pos,"Prediction: [0.3226, 0.6774]","Prediction: [0.5, 0.5]"
371,Prediction: pos,"Prediction: [0.7681, 0.2319]","Prediction: [0.8, 0.2]"
372,Prediction: neg,"Prediction: [0.7681, 0.2319]","Prediction: [0.8, 0.2]"
373,Prediction: neg,"Prediction: [0.3226, 0.6774]","Prediction: [0.1, 0.9]"
374,Prediction: neg,"Prediction: [0.7681, 0.2319]","Prediction: [0.5, 0.5]"
375,Prediction: pos,"Prediction: [0.7681, 0.2319]","Prediction: [0.8, 0.2]"
376,Prediction: pos,"Prediction: [0.7681, 0.2319]","Prediction: [0.8, 0.2]"
377,Prediction: pos,"Prediction: [0.7681, 0.2319]","Prediction: [0.8, 0.2]"
378,Prediction: neg,"Prediction: [0.3226, 0.6774]","Prediction: [0.1, 0.9]"
379,Prediction: pos,"Prediction: [0.7681, 0.2319]","Prediction: [0.8, 0.2]"
380,Prediction: pos,"Prediction: [0.3226, 0.6774]","Prediction: [0.8, 0.2]"
381,Prediction: pos,"Prediction: [0.7681, 0.2319]","Prediction: [0.8, 0.2]"
382,Prediction: pos,"Prediction: [0.7681, 0.2319]","Prediction: [0.8, 0.2]"
383,Prediction: pos,"Prediction: [0.7681, 0.2319]","Prediction: [0.8, 0.2]"
384,Prediction: neg,"Prediction: [0.7681, 0.2319]","Prediction: [0.8, 0.2]"
385,Prediction: neg,"Prediction: [0.3226, 0.6774]","Prediction: [0.5, 0.5]"
386,Prediction: pos,"Prediction: [0.7681, 0.2319]","Prediction: [0.8, 0.2]"
387,Prediction: pos,"Prediction: [0.7681, 0.2319]","Prediction: [0.8, 0.2]"
388,Prediction: pos,"Prediction: [0.7681, 0.2319]","Prediction: [0.8, 0.2]"
389,Prediction: neg,"Prediction: [0.7681, 0.2319]","Prediction: [0.5, 0.5]"
390,Prediction: pos,"Prediction: [0.7681, 0.2319]","Prediction: [0.8, 0.2]"
391,Prediction: pos,"Prediction: [0.7681, 0.2319]","Prediction: [0.8, 0.2]"
392,Prediction: pos,"Prediction: [0.7681, 0.2319]","Prediction: [0.8, 0.2]"
393,Prediction: neg,"Prediction: [0.7681, 0.2319]","Prediction: [0.8, 0.2]"
394,Prediction: neg,"Prediction: [0.3226, 0.6774]","Prediction: [0.1, 0.9]"
395,Prediction: pos,"Prediction: [0.3226, 0.6774]","Prediction: [0.5, 0.5]"
396,Prediction: pos,"Prediction: [0.7681, 0.2319]","Prediction: [0.8, 0.2]"
397,Prediction: pos,"Prediction: [0.7681, 0.2319]","Prediction: [0.5, 0.5]"
398,Prediction: pos,"Prediction: [0.7681, 0.2319]","Prediction: [0.8, 0.2]"
399,Prediction: neg,"Prediction: [0.3226, 0.6774]","Prediction: [0.8, 0.2]"
400,Prediction: neg,"Prediction: [0.3226, 0.6774]","Prediction: [0.1, 0.9]"
401,Prediction: pos,"Prediction: [0.7681, 0.2319]","Prediction: [0.8, 0.2]"
402,Prediction: neg,"Prediction: [0.3226, 0.6774]","Prediction: [0.5, 0.5]"
403,Prediction: neg,"Prediction: [0.7681, 0.2319]","Prediction: [0.8, 0.2]"
404,Prediction: neg,"Prediction: [0.3226, 0.6774]","Prediction: [0.1, 0.9]"
405,Prediction: neg,"Prediction: [0.7681, 0.2319]","Prediction: [0.8, 0.2]"
406,Prediction: pos,"Prediction: [0.3226, 0.6774]","Prediction: [0.1, 0.9]"
407,Prediction: neg,"Prediction: [0.3226, 0.6774]","Prediction: [0.1, 0.9]"
408,Prediction: pos,"Prediction: [0.3226, 0.6774]","Prediction: [0.8, 0.2]"
409,Prediction: neg,"Prediction: [0.7681, 0.2319]","Prediction: [0.8, 0.2]"
410,Prediction: neg,"Prediction: [0.3226, 0.6774]","Prediction: [0.1, 0.9]"
411,Prediction: pos,"Prediction: [0.7681, 0.2319]","Prediction: [0.8, 0.2]"
412,Prediction: pos,"Prediction: [0.7681, 0.2319]","Prediction: [0.8, 0.2]"
413,Prediction: neg,"Prediction: [0.3226, 0.6774]","Prediction: [0.1, 0.9]"
414,Prediction: pos,"Prediction: [0.7681, 0.2319]","Prediction: [0.8, 0.2]"
415,Prediction: pos,"Prediction: [0.3226, 0.6774]","Prediction: [0.8, 0.2]"
416,Prediction: neg,"Prediction: [0.3226, 0.6774]","Prediction: [0.1, 0.9]"
417,Prediction: pos,"Prediction: [0.7681, 0.2319]","Prediction: [0.8, 0.2]"
418,Prediction: neg,"Prediction: [0.3226, 0.6774]","Prediction: [0.5, 0.5]"
419,Prediction: pos,"Prediction: [0.7681, 0.2319]","Prediction: [0.8, 0.2]"
420,Prediction: neg,"Prediction: [0.7681, 0.2319]","Prediction: [0.5, 0.5]"
421,Prediction: pos,"Prediction: [0.7681, 0.2319]","Prediction: [0.8, 0.2]"
422,Prediction: neg,"Prediction: [0.7681, 0.2319]","Prediction: [0.8, 0.2]"
423,Prediction: pos,"Prediction: [0.7681, 0.2319]","Prediction: [0.8, 0.2]"
424,Prediction: pos,"Prediction: [0.7681, 0.2319]","Prediction: [0.8, 0.2]"
425,Prediction: neg,"Prediction: [0.3226, 0.6774]","Prediction: [0.5, 0.5]"
426,Prediction: pos,"Prediction: [0.7681, 0.2319]","Prediction: [0.8, 0.2]"
427,Prediction: neg,"Prediction: [0.3226, 0.6774]","Prediction: [0.1, 0.9]"
428,Prediction: pos,"Prediction: [0.3226, 0.6774]","Prediction: [0.8, 0.2]"
429,Prediction: pos,"Prediction: [0.7681, 0.2319]","Prediction: [0.8, 0.2]"
430,Prediction: pos,"Prediction: [0.3226, 0.6774]","Prediction: [0.8, 0.2]"
431,Prediction: pos,"Prediction: [0.3226, 0.6774]","Prediction: [0.8, 0.2]"
432,Prediction: neg,"Prediction: [0.7681, 0.2319]","Prediction: [0.8, 0.2]"
433,Prediction: pos,"Prediction: [0.7681, 0.2319]","Prediction: [0.8, 0.2]"
434,Prediction: pos,"Prediction: [0.7681, 0.2319]","Prediction: [0.8, 0.2]"
435,Prediction: pos,"Prediction: [0.7681, 0.2319]","Prediction: [0.8, 0.2]"
436,Prediction: pos,"Prediction: [0.7681, 0.2319]","Prediction: [0.8, 0.2]"
437,Prediction: pos,"Prediction: [0.7681, 0.2319]","Prediction: [0.5, 0.5]"
438,Prediction: pos,"Prediction: [0.7681, 0.2319]","Prediction: [0.8, 0.2]"
439,Prediction: pos,"Prediction: [0.7681, 0.2319]","Prediction: [0.8, 0.2]"
440,Prediction: pos,"Prediction: [0.7681, 0.2319]","Prediction: [0.8, 0.2]"
441,Prediction: pos,"Prediction: [0.7681, 0.2319]","Prediction: [0.8, 0.2]"
442,Prediction: pos,"Prediction: [0.3226, 0.6774]","Prediction: [0.8, 0.2]"
443,Prediction: neg,"Prediction: [0.3226, 0.6774]","Prediction: [0.1, 0.9]"
444,Prediction: neg,"Prediction: [0.3226, 0.6774]","Prediction: [0.1, 0.9]"
445,Prediction: pos,"Prediction: [0.7681, 0.2319]","Prediction: [0.8, 0.2]"
446,Prediction: pos,"Prediction: [0.7681, 0.2319]","Prediction: [0.8, 0.2]"
447,Prediction: neg,"Prediction: [0.3226, 0.6774]","Prediction: [0.1, 0.9]"
448,Prediction: pos,"Prediction: [0.7681, 0.2319]","Prediction: [0.8, 0.2]"
449,Prediction: pos,"Prediction: [0.7681, 0.2319]","Prediction: [0.8, 0.2]"
450,Prediction: pos,"Prediction: [0.7681, 0.2319]","Prediction: [0.8, 0.2]"
451,Prediction: pos,"Prediction: [0.7681, 0.2319]","Prediction: [0.8, 0.2]"
452,Prediction: pos,"Prediction: [0.7681, 0.2319]","Prediction: [0.8, 0.2]"
453,Prediction: neg,"Prediction: [0.3226, 0.6774]","Prediction: [0.8, 0.2]"
454,Prediction: pos,"Prediction: [0.7681, 0.2319]","Prediction: [0.8, 0.2]"
455,Prediction: pos,"Prediction: [0.7681, 0.2319]","Prediction: [0.8, 0.2]"
456,Prediction: pos,"Prediction: [0.3226, 0.6774]","Prediction: [0.8, 0.2]"
457,Prediction: pos,"Prediction: [0.7681, 0.2319]","Prediction: [0.8, 0.2]"
458,Prediction: pos,"Prediction: [0.3226, 0.6774]","Prediction: [0.8, 0.2]"
459,Prediction: pos,"Prediction: [0.7681, 0.2319]","Prediction: [0.8, 0.2]"
460,Prediction: pos,"Prediction: [0.7681, 0.2319]","Prediction: [0.8, 0.2]"
461,Prediction: pos,"Prediction: [0.7681, 0.2319]","Prediction: [0.8, 0.2]"
462,Prediction: pos,"Prediction: [0.7681, 0.2319]","Prediction: [0.8, 0.2]"
463,Prediction: pos,"Prediction: [0.7681, 0.2319]","Prediction: [0.8, 0.2]"
464,Prediction: pos,"Prediction: [0.7681, 0.2319]","Prediction: [0.8, 0.2]"
465,Prediction: neg,"Prediction: [0.7681, 0.2319]","Prediction: [0.8, 0.2]"
466,Prediction: neg,"Prediction: [0.7681, 0.2319]","Prediction: [0.5, 0.5]"
467,Prediction: pos,"Prediction: [0.7681, 0.2319]","Prediction: [0.8, 0.2]"
468,Prediction: pos,"Prediction: [0.7681, 0.2319]","Prediction: [0.8, 0.2]"
469,Prediction: pos,"Prediction: [0.7681, 0.2319]","Prediction: [0.8, 0.2]"
470,Prediction: neg,"Prediction: [0.3226, 0.6774]","Prediction: [0.1, 0.9]"
471,Prediction: pos,"Prediction: [0.7681, 0.2319]","Prediction: [0.8, 0.2]"
472,Prediction: pos,"Prediction: [0.7681, 0.2319]","Prediction: [0.8, 0.2]"
473,Prediction: neg,"Prediction: [0.7681, 0.2319]","Prediction: [0.8, 0.2]"
474,Prediction: neg,"Prediction: [0.3226, 0.6774]","Prediction: [0.1, 0.9]"
475,Prediction: pos,"Prediction: [0.3226, 0.6774]","Prediction: [0.8, 0.2]"
476,Prediction: neg,"Prediction: [0.3226, 0.6774]","Prediction: [0.1, 0.9]"
477,Prediction: pos,"Prediction: [0.7681, 0.2319]","Prediction: [0.8, 0.2]"
478,Prediction: pos,"Prediction: [0.3226, 0.6774]","Prediction: [0.8, 0.2]"
479,Prediction: pos,"Prediction: [0.3226, 0.6774]","Prediction: [0.8, 0.2]"
480,Prediction: neg,"Prediction: [0.3226, 0.6774]","Prediction: [0.1, 0.9]"
481,Prediction: pos,"Prediction: [0.7681, 0.2319]","Prediction: [0.8, 0.2]"
482,Prediction: neg,"Prediction: [0.3226, 0.6774]","Prediction: [0.1, 0.9]"
483,Prediction: pos,"Prediction: [0.7681, 0.2319]","Prediction: [0.8, 0.2]"
484,Prediction: neg,"Prediction: [0.3226, 0.6774]","Prediction: [0.1, 0.9]"
485,Prediction: neg,"Prediction: [0.7681, 0.2319]","Prediction: [0.1, 0.9]"
486,Prediction: pos,"Prediction: [0.7681, 0.2319]","Prediction: [0.8, 0.2]"
487,Prediction: pos,"Prediction: [0.7681, 0.2319]","Prediction: [0.8, 0.2]"
488,Prediction: pos,"Prediction: [0.7681, 0.2319]","Prediction: [0.5, 0.5]"
489,Prediction: pos,"Prediction: [0.3226, 0.6774]","Prediction: [0.1, 0.9]"
490,Prediction: pos,"Prediction: [0.7681, 0.2319]","Prediction: [0.8, 0.2]"
491,Prediction: pos,"Prediction: [0.3226, 0.6774]","Prediction: [0.1, 0.9]"
492,Prediction: pos,"Prediction: [0.7681, 0.2319]","Prediction: [0.8, 0.2]"
493,Prediction: pos,"Prediction: [0.7681, 0.2319]","Prediction: [0.8, 0.2]"
494,Prediction: pos,"Prediction: [0.7681, 0.2319]","Prediction: [0.8, 0.2]"
495,Prediction: pos,"Prediction: [0.7681, 0.2319]","Prediction: [0.8, 0.2]"
496,Prediction: neg,"Prediction: [0.3226, 0.6774]","Prediction: [0.1, 0.9]"
497,Prediction: pos,"Prediction: [0.7681, 0.2319]","Prediction: [0.8, 0.2]"
498,Prediction: pos,"Prediction: [0.7681, 0.2319]","Prediction: [0.5, 0.5]"
499,Prediction: pos,"Prediction: [0.7681, 0.2319]","Prediction: [0.8, 0.2]"
500,Prediction: pos,"Prediction: [0.7681, 0.2319]","Prediction: [0.8, 0.2]"
501,Prediction: pos,"Prediction: [0.7681, 0.2319]","Prediction: [0.8, 0.2]"
502,Prediction: pos,"Prediction: [0.7681, 0.2319]","Prediction: [0.8, 0.2]"
503,Prediction: pos,"Prediction: [0.7681, 0.2319]","Prediction: [0.8, 0.2]"
504,Prediction: pos,"Prediction: [0.7681, 0.2319]","Prediction: [0.8, 0.2]"
505,Prediction: pos,"Prediction: [0.7681, 0.2319]","Prediction: [0.8, 0.2]"
506,Prediction: pos,"Prediction: [0.7681, 0.2319]","Prediction: [0.8, 0.2]"
507,Prediction: neg,"Prediction: [0.3226, 0.6774]","Prediction: [0.5, 0.5]"
508,Prediction: pos,"Prediction: [0.3226, 0.6774]","Prediction: [0.5, 0.5]"
509,Prediction: pos,"Prediction: [0.7681, 0.2319]","Prediction: [0.5, 0.5]"
510,Prediction: pos,"Prediction: [0.3226, 0.6774]","Prediction: [0.8, 0.2]"
511,Prediction: neg,"Prediction: [0.7681, 0.2319]","Prediction: [0.8, 0.2]"
512,Prediction: pos,"Prediction: [0.7681, 0.2319]","Prediction: [0.8, 0.2]"
513,Prediction: neg,"Prediction: [0.3226, 0.6774]","Prediction: [0.1, 0.9]"
514,Prediction: pos,"Prediction: [0.7681, 0.2319]","Prediction: [0.8, 0.2]"
515,Prediction: neg,"Prediction: [0.3226, 0.6774]","Prediction: [0.1, 0.9]"
516,Prediction: pos,"Prediction: [0.7681, 0.2319]","Prediction: [0.8, 0.2]"
517,Prediction: pos,"Prediction: [0.7681, 0.2319]","Prediction: [0.8, 0.2]"
518,Prediction: pos,"Prediction: [0.7681, 0.2319]","Prediction: [0.8, 0.2]"
519,Prediction: pos,"Prediction: [0.7681, 0.2319]","Prediction: [0.8, 0.2]"
520,Prediction: pos,"Prediction: [0.7681, 0.2319]","Prediction: [0.8, 0.2]"
521,Prediction: pos,"Prediction: [0.3226, 0.6774]","Prediction: [0.8, 0.2]"
522,Prediction: pos,"Prediction: [0.7681, 0.2319]","Prediction: [0.8, 0.2]"
523,Prediction: pos,"Prediction: [0.7681, 0.2319]","Prediction: [0.8, 0.2]"
524,Prediction: pos,"Prediction: [0.7681, 0.2319]","Prediction: [0.8, 0.2]"
525,Prediction: pos,"Prediction: [0.7681, 0.2319]","Prediction: [0.8, 0.2]"
526,Prediction: neg,"Prediction: [0.3226, 0.6774]","Prediction: [0.1, 0.9]"
527,Prediction: pos,"Prediction: [0.7681, 0.2319]","Prediction: [0.8, 0.2]"
528,Prediction: pos,"Prediction: [0.7681, 0.2319]","Prediction: [0.8, 0.2]"
529,Prediction: pos,"Prediction: [0.3226, 0.6774]","Prediction: [0.8, 0.2]"
530,Prediction: pos,"Prediction: [0.7681, 0.2319]","Prediction: [0.8, 0.2]"
531,Prediction: pos,"Prediction: [0.7681, 0.2319]","Prediction: [0.8, 0.2]"
532,Prediction: neg,"Prediction: [0.7681, 0.2319]","Prediction: [0.5, 0.5]"
533,Prediction: pos,"Prediction: [0.3226, 0.6774]","Prediction: [0.8, 0.2]"
534,Prediction: pos,"Prediction: [0.7681, 0.2319]","Prediction: [0.8, 0.2]"
535,Prediction: pos,"Prediction: [0.7681, 0.2319]","Prediction: [0.8, 0.2]"
536,Prediction: pos,"Prediction: [0.7681, 0.2319]","Prediction: [0.8, 0.2]"
537,Prediction: pos,"Prediction: [0.7681, 0.2319]","Prediction: [0.8, 0.2]"
538,Prediction: pos,"Prediction: [0.3226, 0.6774]","Prediction: [0.5, 0.5]"
539,Prediction: pos,"Prediction: [0.7681, 0.2319]","Prediction: [0.8, 0.2]"
540,Prediction: neg,"Prediction: [0.3226, 0.6774]","Prediction: [0.1, 0.9]"
541,Prediction: pos,"Prediction: [0.7681, 0.2319]","Prediction: [0.8, 0.2]"
542,Prediction: pos,"Prediction: [0.7681, 0.2319]","Prediction: [0.8, 0.2]"
543,Prediction: pos,"Prediction: [0.7681, 0.2319]","Prediction: [0.8, 0.2]"
544,Prediction: pos,"Prediction: [0.7681, 0.2319]","Prediction: [0.8, 0.2]"
545,Prediction: neg,"Prediction: [0.3226, 0.6774]","Prediction: [0.1, 0.9]"
546,Prediction: neg,"Prediction: [0.3226, 0.6774]","Prediction: [0.1, 0.9]"
547,Prediction: pos,"Prediction: [0.7681, 0.2319]","Prediction: [0.8, 0.2]"
548,Prediction: pos,"Prediction: [0.7681, 0.2319]","Prediction: [0.8, 0.2]"
549,Prediction: pos,"Prediction: [0.7681, 0.2319]","Prediction: [0.8, 0.2]"
550,Prediction: neg,"Prediction: [0.3226, 0.6774]","Prediction: [0.1, 0.9]"
551,Prediction: pos,"Prediction: [0.7681, 0.2319]","Prediction: [0.8, 0.2]"
552,Prediction: pos,"Prediction: [0.3226, 0.6774]","Prediction: [0.8, 0.2]"
553,Prediction: pos,"Prediction: [0.7681, 0.2319]","Prediction: [0.8, 0.2]"
554,Prediction: pos,"Prediction: [0.7681, 0.2319]","Prediction: [0.8, 0.2]"
555,Prediction: neg,"Prediction: [0.3226, 0.6774]","Prediction: [0.8, 0.2]"
556,Prediction: pos,"Prediction: [0.7681, 0.2319]","Prediction: [0.8, 0.2]"
557,Prediction: pos,"Prediction: [0.7681, 0.2319]","Prediction: [0.8, 0.2]"
558,Prediction: pos,"Prediction: [0.7681, 0.2319]","Prediction: [0.8, 0.2]"
559,Prediction: neg,"Prediction: [0.3226, 0.6774]","Prediction: [0.1, 0.9]"
560,Prediction: pos,"Prediction: [0.7681, 0.2319]","Prediction: [0.8, 0.2]"
561,Prediction: pos,"Prediction: [0.7681, 0.2319]","Prediction: [0.8, 0.2]"
562,Prediction: pos,"Prediction: [0.7681, 0.2319]","Prediction: [0.8, 0.2]"
563,Prediction: pos,"Prediction: [0.7681, 0.2319]","Prediction: [0.8, 0.2]"
564,Prediction: neg,"Prediction: [0.3226, 0.6774]","Prediction: [0.1, 0.9]"
565,Prediction: neg,"Prediction: [0.3226, 0.6774]","Prediction: [0.5, 0.5]"
566,Prediction: pos,"Prediction: [0.3226, 0.6774]","Prediction: [0.8, 0.2]"
567,Prediction: pos,"Prediction: [0.7681, 0.2319]","Prediction: [0.8, 0.2]"
568,Prediction: pos,"Prediction: [0.7681, 0.2319]","Prediction: [0.8, 0.2]"
569,Prediction: pos,"Prediction: [0.7681, 0.2319]","Prediction: [0.8, 0.2]"
570,Prediction: pos,"Prediction: [0.7681, 0.2319]","Prediction: [0.8, 0.2]"
571,Prediction: pos,"Prediction: [0.7681, 0.2319]","Prediction: [0.8, 0.2]"
572,Prediction: pos,"Prediction: [0.7681, 0.2319]","Prediction: [0.8, 0.2]"
573,Prediction: pos,"Prediction: [0.7681, 0.2319]","Prediction: [0.8, 0.2]"
574,Prediction: pos,"Prediction: [0.3226, 0.6774]","Prediction: [0.5, 0.5]"
575,Prediction: pos,"Prediction: [0.7681, 0.2319]","Prediction: [0.8, 0.2]"
576,Prediction: pos,"Prediction: [0.7681, 0.2319]","Prediction: [0.8, 0.2]"
577,Prediction: pos,"Prediction: [0.3226, 0.6774]","Prediction: [0.8, 0.2]"
578,Prediction: pos,"Prediction: [0.7681, 0.2319]","Prediction: [0.8, 0.2]"
579,Prediction: pos,"Prediction: [0.3226, 0.6774]","Prediction: [0.8, 0.2]"
580,Prediction: pos,"Prediction: [0.3226, 0.6774]","Prediction: [0.8, 0.2]"
581,Prediction: pos,"Prediction: [0.7681, 0.2319]","Prediction: [0.8, 0.2]"
582,Prediction: pos,"Prediction: [0.7681, 0.2319]","Prediction: [0.8, 0.2]"
583,Prediction: pos,"Prediction: [0.7681, 0.2319]","Prediction: [0.8, 0.2]"
584,Prediction: pos,"Prediction: [0.3226, 0.6774]","Prediction: [0.5, 0.5]"
585,Prediction: pos,"Prediction: [0.7681, 0.2319]","Prediction: [0.8, 0.2]"
586,Prediction: pos,"Prediction: [0.7681, 0.2319]","Prediction: [0.8, 0.2]"
587,Prediction: neg,"Prediction: [0.3226, 0.6774]","Prediction: [0.1, 0.9]"
588,Prediction: pos,"Prediction: [0.7681, 0.2319]","Prediction: [0.8, 0.2]"
589,Prediction: pos,"Prediction: [0.7681, 0.2319]","Prediction: [0.8, 0.2]"
590,Prediction: neg,"Prediction: [0.3226, 0.6774]","Prediction: [0.1, 0.9]"
591,Prediction: neg,"Prediction: [0.3226, 0.6774]","Prediction: [0.1, 0.9]"
592,Prediction: pos,"Prediction: [0.7681, 0.2319]","Prediction: [0.8, 0.2]"
593,Prediction: pos,"Prediction: [0.7681, 0.2319]","Prediction: [0.8, 0.2]"
594,Prediction: pos,"Prediction: [0.7681, 0.2319]","Prediction: [0.8, 0.2]"
595,Prediction: neg,"Prediction: [0.3226, 0.6774]","Prediction: [0.1, 0.9]"
596,Prediction: neg,"Prediction: [0.3226, 0.6774]","Prediction: [0.1, 0.9]"
597,Prediction: pos,"Prediction: [0.7681, 0.2319]","Prediction: [0.8, 0.2]"
598,Prediction: pos,"Prediction: [0.7681, 0.2319]","Prediction: [0.8, 0.2]"
599,Prediction: pos,"Prediction: [0.7681, 0.2319]","Prediction: [0.8, 0.2]"
600,Prediction: neg,"Prediction: [0.3226, 0.6774]","Prediction: [0.1, 0.9]"
601,Prediction: neg,"Prediction: [0.7681, 0.2319]","Prediction: [0.8, 0.2]"
602,Prediction: neg,"Prediction: [0.3226, 0.6774]","Prediction: [0.1, 0.9]"
603,Prediction: pos,"Prediction: [0.7681, 0.2319]","Prediction: [0.8, 0.2]"
604,Prediction: pos,"Prediction: [0.7681, 0.2319]","Prediction: [0.8, 0.2]"
605,Prediction: pos,"Prediction: [0.7681, 0.2319]","Prediction: [0.8, 0.2]"
606,Prediction: pos,"Prediction: [0.7681, 0.2319]","Prediction: [0.8, 0.2]"
607,Prediction: pos,"Prediction: [0.7681, 0.2319]","Prediction: [0.8, 0.2]"
608,Prediction: pos,"Prediction: [0.7681, 0.2319]","Prediction: [0.8, 0.2]"
609,Prediction: pos,"Prediction: [0.7681, 0.2319]","Prediction: [0.5, 0.5]"
610,Prediction: pos,"Prediction: [0.7681, 0.2319]","Prediction: [0.8, 0.2]"
611,Prediction: pos,"Prediction: [0.7681, 0.2319]","Prediction: [0.5, 0.5]"
612,Prediction: neg,"Prediction: [0.7681, 0.2319]","Prediction: [0.8, 0.2]"
613,Prediction: pos,"Prediction: [0.3226, 0.6774]","Prediction: [0.5, 0.5]"
614,Prediction: pos,"Prediction: [0.7681, 0.2319]","Prediction: [0.5, 0.5]"
615,Prediction: pos,"Prediction: [0.7681, 0.2319]","Prediction: [0.8, 0.2]"
616,Prediction: pos,"Prediction: [0.7681, 0.2319]","Prediction: [0.8, 0.2]"
617,Prediction: neg,"Prediction: [0.3226, 0.6774]","Prediction: [0.1, 0.9]"
618,Prediction: neg,"Prediction: [0.7681, 0.2319]","Prediction: [0.8, 0.2]"
619,Prediction: pos,"Prediction: [0.7681, 0.2319]","Prediction: [0.8, 0.2]"
620,Prediction: neg,"Prediction: [0.3226, 0.6774]","Prediction: [0.1, 0.9]"
621,Prediction: pos,"Prediction: [0.7681, 0.2319]","Prediction: [0.8, 0.2]"
622,Prediction: neg,"Prediction: [0.3226, 0.6774]","Prediction: [0.1, 0.9]"
623,Prediction: pos,"Prediction: [0.3226, 0.6774]","Prediction: [0.8, 0.2]"
624,Prediction: pos,"Prediction: [0.3226, 0.6774]","Prediction: [0.5, 0.5]"
625,Prediction: neg,"Prediction: [0.3226, 0.6774]","Prediction: [0.1, 0.9]"
626,Prediction: pos,"Prediction: [0.7681, 0.2319]","Prediction: [0.8, 0.2]"
627,Prediction: neg,"Prediction: [0.3226, 0.6774]","Prediction: [0.1, 0.9]"
628,Prediction: pos,"Prediction: [0.7681, 0.2319]","Prediction: [0.8, 0.2]"
629,Prediction: pos,"Prediction: [0.7681, 0.2319]","Prediction: [0.8, 0.2]"
630,Prediction: pos,"Prediction: [0.7681, 0.2319]","Prediction: [0.8, 0.2]"
631,Prediction: pos,"Prediction: [0.3226, 0.6774]","Prediction: [0.1, 0.9]"
632,Prediction: neg,"Prediction: [0.7681, 0.2319]","Prediction: [0.8, 0.2]"
633,Prediction: neg,"Prediction: [0.3226, 0.6774]","Prediction: [0.1, 0.9]"
634,Prediction: pos,"Prediction: [0.7681, 0.2319]","Prediction: [0.8, 0.2]"
635,Prediction: pos,"Prediction: [0.7681, 0.2319]","Prediction: [0.8, 0.2]"
636,Prediction: neg,"Prediction: [0.3226, 0.6774]","Prediction: [0.1, 0.9]"
637,Prediction: pos,"Prediction: [0.7681, 0.2319]","Prediction: [0.8, 0.2]"
638,Prediction: pos,"Prediction: [0.7681, 0.2319]","Prediction: [0.8, 0.2]"
639,Prediction: pos,"Prediction: [0.7681, 0.2319]","Prediction: [0.8, 0.2]"
640,Prediction: pos,"Prediction: [0.7681, 0.2319]","Prediction: [0.8, 0.2]"
641,Prediction: pos,"Prediction: [0.7681, 0.2319]","Prediction: [0.8, 0.2]"
642,Prediction: pos,"Prediction: [0.7681, 0.2319]","Prediction: [0.5, 0.5]"
643,Prediction: neg,"Prediction: [0.3226, 0.6774]","Prediction: [0.1, 0.9]"
644,Prediction: pos,"Prediction: [0.7681, 0.2319]","Prediction: [0.5, 0.5]"
645,Prediction: neg,"Prediction: [0.3226, 0.6774]","Prediction: [0.5, 0.5]"
646,Prediction: neg,"Prediction: [0.3226, 0.6774]","Prediction: [0.1, 0.9]"
647,Prediction: pos,"Prediction: [0.7681, 0.2319]","Prediction: [0.8, 0.2]"
648,Prediction: pos,"Prediction: [0.7681, 0.2319]","Prediction: [0.8, 0.2]"
649,Prediction: neg,"Prediction: [0.3226, 0.6774]","Prediction: [0.5, 0.5]"
650,Prediction: neg,"Prediction: [0.7681, 0.2319]","Prediction: [0.8, 0.2]"
651,Prediction: neg,"Prediction: [0.7681, 0.2319]","Prediction: [0.8, 0.2]"
652,Prediction: pos,"Prediction: [0.7681, 0.2319]","Prediction: [0.8, 0.2]"
653,Prediction: pos,"Prediction: [0.3226, 0.6774]","Prediction: [0.8, 0.2]"
654,Prediction: pos,"Prediction: [0.7681, 0.2319]","Prediction: [0.8, 0.2]"
655,Prediction: pos,"Prediction: [0.7681, 0.2319]","Prediction: [0.8, 0.2]"
656,Prediction: pos,"Prediction: [0.7681, 0.2319]","Prediction: [0.8, 0.2]"
657,Prediction: pos,"Prediction: [0.7681, 0.2319]","Prediction: [0.8, 0.2]"
658,Prediction: neg,"Prediction: [0.3226, 0.6774]","Prediction: [0.1, 0.9]"
659,Prediction: neg,"Prediction: [0.3226, 0.6774]","Prediction: [0.1, 0.9]"
660,Prediction: pos,"Prediction: [0.7681, 0.2319]","Prediction: [0.8, 0.2]"
661,Prediction: neg,"Prediction: [0.3226, 0.6774]","Prediction: [0.1, 0.9]"
662,Prediction: pos,"Prediction: [0.7681, 0.2319]","Prediction: [0.8, 0.2]"
663,Prediction: pos,"Prediction: [0.7681, 0.2319]","Prediction: [0.8, 0.2]"
664,Prediction: neg,"Prediction: [0.3226, 0.6774]","Prediction: [0.1, 0.9]"
665,Prediction: neg,"Prediction: [0.7681, 0.2319]","Prediction: [0.5, 0.5]"
666,Prediction: pos,"Prediction: [0.7681, 0.2319]","Prediction: [0.8, 0.2]"
667,Prediction: pos,"Prediction: [0.7681, 0.2319]","Prediction: [0.8, 0.2]"
668,Prediction: pos,"Prediction: [0.7681, 0.2319]","Prediction: [0.8, 0.2]"
669,Prediction: pos,"Prediction: [0.7681, 0.2319]","Prediction: [0.8, 0.2]"
670,Prediction: pos,"Prediction: [0.7681, 0.2319]","Prediction: [0.8, 0.2]"
671,Prediction: pos,"Prediction: [0.7681, 0.2319]","Prediction: [0.8, 0.2]"
672,Prediction: pos,"Prediction: [0.7681, 0.2319]","Prediction: [0.8, 0.2]"
673,Prediction: neg,"Prediction: [0.3226, 0.6774]","Prediction: [0.1, 0.9]"
674,Prediction: neg,"Prediction: [0.3226, 0.6774]","Prediction: [0.1, 0.9]"
675,Prediction: pos,"Prediction: [0.7681, 0.2319]","Prediction: [0.8, 0.2]"
676,Prediction: neg,"Prediction: [0.7681, 0.2319]","Prediction: [0.8, 0.2]"
677,Prediction: pos,"Prediction: [0.7681, 0.2319]","Prediction: [0.8, 0.2]"
678,Prediction: pos,"Prediction: [0.7681, 0.2319]","Prediction: [0.8, 0.2]"
679,Prediction: neg,"Prediction: [0.3226, 0.6774]","Prediction: [0.1, 0.9]"
680,Prediction: pos,"Prediction: [0.7681, 0.2319]","Prediction: [0.8, 0.2]"
681,Prediction: neg,"Prediction: [0.3226, 0.6774]","Prediction: [0.1, 0.9]"
682,Prediction: pos,"Prediction: [0.7681, 0.2319]","Prediction: [0.8, 0.2]"
683,Prediction: neg,"Prediction: [0.3226, 0.6774]","Prediction: [0.1, 0.9]"
684,Prediction: neg,"Prediction: [0.3226, 0.6774]","Prediction: [0.1, 0.9]"
685,Prediction: pos,"Prediction: [0.7681, 0.2319]","Prediction: [0.8, 0.2]"
686,Prediction: neg,"Prediction: [0.3226, 0.6774]","Prediction: [0.1, 0.9]"
687,Prediction: neg,"Prediction: [0.3226, 0.6774]","Prediction: [0.1, 0.9]"
688,Prediction: pos,"Prediction: [0.7681, 0.2319]","Prediction: [0.8, 0.2]"
689,Prediction: pos,"Prediction: [0.7681, 0.2319]","Prediction: [0.8, 0.2]"
690,Prediction: pos,"Prediction: [0.7681, 0.2319]","Prediction: [0.8, 0.2]"
691,Prediction: pos,"Prediction: [0.7681, 0.2319]","Prediction: [0.8, 0.2]"
692,Prediction: pos,"Prediction: [0.3226, 0.6774]","Prediction: [0.1, 0.9]"
693,Prediction: pos,"Prediction: [0.7681, 0.2319]","Prediction: [0.8, 0.2]"
694,Prediction: pos,"Prediction: [0.7681, 0.2319]","Prediction: [0.8, 0.2]"
695,Prediction: neg,"Prediction: [0.7681, 0.2319]","Prediction: [0.5, 0.5]"
696,Prediction: pos,"Prediction: [0.7681, 0.2319]","Prediction: [0.8, 0.2]"
697,Prediction: pos,"Prediction: [0.7681, 0.2319]","Prediction: [0.8, 0.2]"
698,Prediction: neg,"Prediction: [0.3226, 0.6774]","Prediction: [0.1, 0.9]"
699,Prediction: pos,"Prediction: [0.7681, 0.2319]","Prediction: [0.8, 0.2]"
700,Prediction: pos,"Prediction: [0.7681, 0.2319]","Prediction: [0.8, 0.2]"
701,Prediction: pos,"Prediction: [0.7681, 0.2319]","Prediction: [0.8, 0.2]"
702,Prediction: pos,"Prediction: [0.7681, 0.2319]","Prediction: [0.8, 0.2]"
703,Prediction: neg,"Prediction: [0.7681, 0.2319]","Prediction: [0.8, 0.2]"
704,Prediction: pos,"Prediction: [0.7681, 0.2319]","Prediction: [0.8, 0.2]"
705,Prediction: pos,"Prediction: [0.7681, 0.2319]","Prediction: [0.8, 0.2]"
706,Prediction: pos,"Prediction: [0.7681, 0.2319]","Prediction: [0.8, 0.2]"
707,Prediction: pos,"Prediction: [0.7681, 0.2319]","Prediction: [0.8, 0.2]"
708,Prediction: neg,"Prediction: [0.7681, 0.2319]","Prediction: [0.8, 0.2]"
709,Prediction: neg,"Prediction: [0.3226, 0.6774]","Prediction: [0.1, 0.9]"
710,Prediction: pos,"Prediction: [0.7681, 0.2319]","Prediction: [0.8, 0.2]"
711,Prediction: neg,"Prediction: [0.3226, 0.6774]","Prediction: [0.1, 0.9]"
712,Prediction: neg,"Prediction: [0.3226, 0.6774]","Prediction: [0.1, 0.9]"
713,Prediction: pos,"Prediction: [0.7681, 0.2319]","Prediction: [0.8, 0.2]"
714,Prediction: pos,"Prediction: [0.3226, 0.6774]","Prediction: [0.8, 0.2]"
715,Prediction: pos,"Prediction: [0.3226, 0.6774]","Prediction: [0.8, 0.2]"
716,Prediction: neg,"Prediction: [0.7681, 0.2319]","Prediction: [0.8, 0.2]"
717,Prediction: pos,"Prediction: [0.7681, 0.2319]","Prediction: [0.5, 0.5]"
718,Prediction: neg,"Prediction: [0.3226, 0.6774]","Prediction: [0.5, 0.5]"
719,Prediction: neg,"Prediction: [0.3226, 0.6774]","Prediction: [0.1, 0.9]"
720,Prediction: pos,"Prediction: [0.7681, 0.2319]","Prediction: [0.8, 0.2]"
721,Prediction: neg,"Prediction: [0.3226, 0.6774]","Prediction: [0.1, 0.9]"
722,Prediction: neg,"Prediction: [0.7681, 0.2319]","Prediction: [0.5, 0.5]"
723,Prediction: pos,"Prediction: [0.7681, 0.2319]","Prediction: [0.8, 0.2]"
724,Prediction: pos,"Prediction: [0.7681, 0.2319]","Prediction: [0.8, 0.2]"
725,Prediction: pos,"Prediction: [0.7681, 0.2319]","Prediction: [0.8, 0.2]"
726,Prediction: pos,"Prediction: [0.3226, 0.6774]","Prediction: [0.8, 0.2]"
727,Prediction: pos,"Prediction: [0.7681, 0.2319]","Prediction: [0.8, 0.2]"
728,Prediction: neg,"Prediction: [0.3226, 0.6774]","Prediction: [0.1, 0.9]"
729,Prediction: pos,"Prediction: [0.7681, 0.2319]","Prediction: [0.8, 0.2]"
730,Prediction: pos,"Prediction: [0.7681, 0.2319]","Prediction: [0.8, 0.2]"
731,Prediction: neg,"Prediction: [0.3226, 0.6774]","Prediction: [0.1, 0.9]"
732,Prediction: neg,"Prediction: [0.7681, 0.2319]","Prediction: [0.8, 0.2]"
733,Prediction: pos,"Prediction: [0.3226, 0.6774]","Prediction: [0.8, 0.2]"
734,Prediction: neg,"Prediction: [0.7681, 0.2319]","Prediction: [0.8, 0.2]"
735,Prediction: pos,"Prediction: [0.7681, 0.2319]","Prediction: [0.8, 0.2]"
736,Prediction: neg,"Prediction: [0.3226, 0.6774]","Prediction: [0.1, 0.9]"
737,Prediction: pos,"Prediction: [0.7681, 0.2319]","Prediction: [0.8, 0.2]"
738,Prediction: neg,"Prediction: [0.3226, 0.6774]","Prediction: [0.5, 0.5]"
739,Prediction: pos,"Prediction: [0.3226, 0.6774]","Prediction: [0.8, 0.2]"
740,Prediction: neg,"Prediction: [0.3226, 0.6774]","Prediction: [0.5, 0.5]"
741,Prediction: pos,"Prediction: [0.7681, 0.2319]","Prediction: [0.8, 0.2]"
742,Prediction: pos,"Prediction: [0.7681, 0.2319]","Prediction: [0.8, 0.2]"
743,Prediction: pos,"Prediction: [0.7681, 0.2319]","Prediction: [0.8, 0.2]"
744,Prediction: pos,"Prediction: [0.7681, 0.2319]","Prediction: [0.8, 0.2]"
745,Prediction: pos,"Prediction: [0.7681, 0.2319]","Prediction: [0.8, 0.2]"
746,Prediction: pos,"Prediction: [0.7681, 0.2319]","Prediction: [0.8, 0.2]"
747,Prediction: pos,"Prediction: [0.7681, 0.2319]","Prediction: [0.8, 0.2]"
748,Prediction: pos,"Prediction: [0.7681, 0.2319]","Prediction: [0.8, 0.2]"
749,Prediction: pos,"Prediction: [0.7681, 0.2319]","Prediction: [0.8, 0.2]"
750,Prediction: pos,"Prediction: [0.7681, 0.2319]","Prediction: [0.8, 0.2]"
751,Prediction: pos,"Prediction: [0.7681, 0.2319]","Prediction: [0.8, 0.2]"
752,Prediction: pos,"Prediction: [0.7681, 0.2319]","Prediction: [0.8, 0.2]"
753,Prediction: pos,"Prediction: [0.7681, 0.2319]","Prediction: [0.5, 0.5]"
754,Prediction: neg,"Prediction: [0.7681, 0.2319]","Prediction: [0.5, 0.5]"
755,Prediction: pos,"Prediction: [0.7681, 0.2319]","Prediction: [0.8, 0.2]"
756,Prediction: pos,"Prediction: [0.7681, 0.2319]","Prediction: [0.8, 0.2]"
757,Prediction: pos,"Prediction: [0.7681, 0.2319]","Prediction: [0.8, 0.2]"
758,Prediction: pos,"Prediction: [0.3226, 0.6774]","Prediction: [0.8, 0.2]"
759,Prediction: pos,"Prediction: [0.7681, 0.2319]","Prediction: [0.8, 0.2]"
760,Prediction: neg,"Prediction: [0.7681, 0.2319]","Prediction: [0.5, 0.5]"
761,Prediction: neg,"Prediction: [0.7681, 0.2319]","Prediction: [0.5, 0.5]"
762,Prediction: neg,"Prediction: [0.3226, 0.6774]","Prediction: [0.5, 0.5]"
763,Prediction: pos,"Prediction: [0.7681, 0.2319]","Prediction: [0.8, 0.2]"
764,Prediction: pos,"Prediction: [0.7681, 0.2319]","Prediction: [0.8, 0.2]"
765,Prediction: pos,"Prediction: [0.7681, 0.2319]","Prediction: [0.8, 0.2]"
766,Prediction: neg,"Prediction: [0.3226, 0.6774]","Prediction: [0.1, 0.9]"
767,Prediction: pos,"Prediction: [0.7681, 0.2319]","Prediction: [0.8, 0.2]"
768,Prediction: pos,"Prediction: [0.7681, 0.2319]","Prediction: [0.8, 0.2]"
769,Prediction: neg,"Prediction: [0.7681, 0.2319]","Prediction: [0.8, 0.2]"
770,Prediction: pos,"Prediction: [0.7681, 0.2319]","Prediction: [0.8, 0.2]"
771,Prediction: pos,"Prediction: [0.3226, 0.6774]","Prediction: [0.8, 0.2]"
772,Prediction: pos,"Prediction: [0.7681, 0.2319]","Prediction: [0.8, 0.2]"
773,Prediction: neg,"Prediction: [0.3226, 0.6774]","Prediction: [0.5, 0.5]"
774,Prediction: neg,"Prediction: [0.7681, 0.2319]","Prediction: [0.5, 0.5]"
775,Prediction: pos,"Prediction: [0.3226, 0.6774]","Prediction: [0.8, 0.2]"
776,Prediction: pos,"Prediction: [0.7681, 0.2319]","Prediction: [0.8, 0.2]"
777,Prediction: neg,"Prediction: [0.7681, 0.2319]","Prediction: [0.1, 0.9]"
778,Prediction: pos,"Prediction: [0.7681, 0.2319]","Prediction: [0.8, 0.2]"
779,Prediction: pos,"Prediction: [0.7681, 0.2319]","Prediction: [0.8, 0.2]"
780,Prediction: pos,"Prediction: [0.7681, 0.2319]","Prediction: [0.8, 0.2]"
781,Prediction: pos,"Prediction: [0.7681, 0.2319]","Prediction: [0.8, 0.2]"
782,Prediction: neg,"Prediction: [0.3226, 0.6774]","Prediction: [0.1, 0.9]"
783,Prediction: neg,"Prediction: [0.3226, 0.6774]","Prediction: [0.1, 0.9]"
784,Prediction: pos,"Prediction: [0.7681, 0.2319]","Prediction: [0.8, 0.2]"
785,Prediction: pos,"Prediction: [0.3226, 0.6774]","Prediction: [0.8, 0.2]"
786,Prediction: neg,"Prediction: [0.3226, 0.6774]","Prediction: [0.1, 0.9]"
787,Prediction: neg,"Prediction: [0.3226, 0.6774]","Prediction: [0.1, 0.9]"
788,Prediction: pos,"Prediction: [0.7681, 0.2319]","Prediction: [0.8, 0.2]"
789,Prediction: pos,"Prediction: [0.7681, 0.2319]","Prediction: [0.8, 0.2]"
790,Prediction: neg,"Prediction: [0.7681, 0.2319]","Prediction: [0.1, 0.9]"
791,Prediction: neg,"Prediction: [0.7681, 0.2319]","Prediction: [0.8, 0.2]"
792,Prediction: pos,"Prediction: [0.7681, 0.2319]","Prediction: [0.8, 0.2]"
793,Prediction: neg,"Prediction: [0.3226, 0.6774]","Prediction: [0.1, 0.9]"
794,Prediction: neg,"Prediction: [0.3226, 0.6774]","Prediction: [0.1, 0.9]"
795,Prediction: neg,"Prediction: [0.3226, 0.6774]","Prediction: [0.1, 0.9]"
796,Prediction: pos,"Prediction: [0.7681, 0.2319]","Prediction: [0.8, 0.2]"
797,Prediction: pos,"Prediction: [0.7681, 0.2319]","Prediction: [0.8, 0.2]"
798,Prediction: neg,"Prediction: [0.3226, 0.6774]","Prediction: [0.1, 0.9]"
799,Prediction: neg,"Prediction: [0.3226, 0.6774]","Prediction: [0.1, 0.9]"
800,Prediction: pos,"Prediction: [0.3226, 0.6774]","Prediction: [0.8, 0.2]"
801,Prediction: pos,"Prediction: [0.7681, 0.2319]","Prediction: [0.8, 0.2]"
802,Prediction: pos,"Prediction: [0.7681, 0.2319]","Prediction: [0.8, 0.2]"
803,Prediction: neg,"Prediction: [0.3226, 0.6774]","Prediction: [0.1, 0.9]"
804,Prediction: neg,"Prediction: [0.3226, 0.6774]","Prediction: [0.1, 0.9]"
805,Prediction: neg,"Prediction: [0.7681, 0.2319]","Prediction: [0.8, 0.2]"
806,Prediction: pos,"Prediction: [0.7681, 0.2319]","Prediction: [0.8, 0.2]"
807,Prediction: pos,"Prediction: [0.7681, 0.2319]","Prediction: [0.8, 0.2]"
808,Prediction: pos,"Prediction: [0.7681, 0.2319]","Prediction: [0.8, 0.2]"
809,Prediction: neg,"Prediction: [0.3226, 0.6774]","Prediction: [0.1, 0.9]"
810,Prediction: neg,"Prediction: [0.7681, 0.2319]","Prediction: [0.5, 0.5]"
811,Prediction: neg,"Prediction: [0.3226, 0.6774]","Prediction: [0.1, 0.9]"
812,Prediction: pos,"Prediction: [0.7681, 0.2319]","Prediction: [0.8, 0.2]"
813,Prediction: pos,"Prediction: [0.7681, 0.2319]","Prediction: [0.8, 0.2]"
814,Prediction: pos,"Prediction: [0.7681, 0.2319]","Prediction: [0.5, 0.5]"
815,Prediction: pos,"Prediction: [0.7681, 0.2319]","Prediction: [0.8, 0.2]"
816,Prediction: pos,"Prediction: [0.7681, 0.2319]","Prediction: [0.8, 0.2]"
817,Prediction: pos,"Prediction: [0.7681, 0.2319]","Prediction: [0.8, 0.2]"
818,Prediction: pos,"Prediction: [0.7681, 0.2319]","Prediction: [0.8, 0.2]"
819,Prediction: pos,"Prediction: [0.7681, 0.2319]","Prediction: [0.8, 0.2]"
820,Prediction: pos,"Prediction: [0.7681, 0.2319]","Prediction: [0.8, 0.2]"
821,Prediction: neg,"Prediction: [0.3226, 0.6774]","Prediction: [0.1, 0.9]"
822,Prediction: pos,"Prediction: [0.3226, 0.6774]","Prediction: [0.8, 0.2]"
823,Prediction: neg,"Prediction: [0.7681, 0.2319]","Prediction: [0.8, 0.2]"
824,Prediction: pos,"Prediction: [0.3226, 0.6774]","Prediction: [0.8, 0.2]"
825,Prediction: neg,"Prediction: [0.3226, 0.6774]","Prediction: [0.1, 0.9]"
826,Prediction: pos,"Prediction: [0.7681, 0.2319]","Prediction: [0.8, 0.2]"
827,Prediction: pos,"Prediction: [0.7681, 0.2319]","Prediction: [0.8, 0.2]"
828,Prediction: neg,"Prediction: [0.3226, 0.6774]","Prediction: [0.1, 0.9]"
829,Prediction: neg,"Prediction: [0.7681, 0.2319]","Prediction: [0.5, 0.5]"
830,Prediction: neg,"Prediction: [0.3226, 0.6774]","Prediction: [0.1, 0.9]"
831,Prediction: pos,"Prediction: [0.7681, 0.2319]","Prediction: [0.8, 0.2]"
832,Prediction: neg,"Prediction: [0.7681, 0.2319]","Prediction: [0.8, 0.2]"
833,Prediction: pos,"Prediction: [0.7681, 0.2319]","Prediction: [0.8, 0.2]"
834,Prediction: neg,"Prediction: [0.3226, 0.6774]","Prediction: [0.1, 0.9]"
835,Prediction: pos,"Prediction: [0.7681, 0.2319]","Prediction: [0.8, 0.2]"
836,Prediction: pos,"Prediction: [0.7681, 0.2319]","Prediction: [0.8, 0.2]"
837,Prediction: neg,"Prediction: [0.3226, 0.6774]","Prediction: [0.1, 0.9]"
838,Prediction: neg,"Prediction: [0.3226, 0.6774]","Prediction: [0.1, 0.9]"
839,Prediction: neg,"Prediction: [0.3226, 0.6774]","Prediction: [0.1, 0.9]"
840,Prediction: neg,"Prediction: [0.3226, 0.6774]","Prediction: [0.1, 0.9]"
841,Prediction: pos,"Prediction: [0.3226, 0.6774]","Prediction: [0.8, 0.2]"
842,Prediction: pos,"Prediction: [0.7681, 0.2319]","Prediction: [0.8, 0.2]"
843,Prediction: neg,"Prediction: [0.3226, 0.6774]","Prediction: [0.1, 0.9]"
844,Prediction: neg,"Prediction: [0.3226, 0.6774]","Prediction: [0.1, 0.9]"
845,Prediction: pos,"Prediction: [0.7681, 0.2319]","Prediction: [0.8, 0.2]"
846,Prediction: pos,"Prediction: [0.7681, 0.2319]","Prediction: [0.8, 0.2]"
847,Prediction: pos,"Prediction: [0.7681, 0.2319]","Prediction: [0.8, 0.2]"
848,Prediction: pos,"Prediction: [0.7681, 0.2319]","Prediction: [0.5, 0.5]"
849,Prediction: pos,"Prediction: [0.7681, 0.2319]","Prediction: [0.8, 0.2]"
850,Prediction: pos,"Prediction: [0.7681, 0.2319]","Prediction: [0.8, 0.2]"
851,Prediction: pos,"Prediction: [0.7681, 0.2319]","Prediction: [0.8, 0.2]"
852,Prediction: pos,"Prediction: [0.7681, 0.2319]","Prediction: [0.8, 0.2]"
853,Prediction: pos,"Prediction: [0.7681, 0.2319]","Prediction: [0.8, 0.2]"
854,Prediction: neg,"Prediction: [0.3226, 0.6774]","Prediction: [0.1, 0.9]"
855,Prediction: pos,"Prediction: [0.7681, 0.2319]","Prediction: [0.8, 0.2]"
856,Prediction: pos,"Prediction: [0.7681, 0.2319]","Prediction: [0.8, 0.2]"
857,Prediction: pos,"Prediction: [0.7681, 0.2319]","Prediction: [0.8, 0.2]"
858,Prediction: pos,"Prediction: [0.7681, 0.2319]","Prediction: [0.8, 0.2]"
859,Prediction: pos,"Prediction: [0.3226, 0.6774]","Prediction: [0.8, 0.2]"
860,Prediction: pos,"Prediction: [0.7681, 0.2319]","Prediction: [0.8, 0.2]"
861,Prediction: pos,"Prediction: [0.3226, 0.6774]","Prediction: [0.8, 0.2]"
862,Prediction: pos,"Prediction: [0.7681, 0.2319]","Prediction: [0.8, 0.2]"
863,Prediction: neg,"Prediction: [0.7681, 0.2319]","Prediction: [0.5, 0.5]"
864,Prediction: pos,"Prediction: [0.7681, 0.2319]","Prediction: [0.8, 0.2]"
865,Prediction: pos,"Prediction: [0.7681, 0.2319]","Prediction: [0.8, 0.2]"
866,Prediction: pos,"Prediction: [0.7681, 0.2319]","Prediction: [0.8, 0.2]"
867,Prediction: neg,"Prediction: [0.3226, 0.6774]","Prediction: [0.1, 0.9]"
868,Prediction: pos,"Prediction: [0.7681, 0.2319]","Prediction: [0.8, 0.2]"
869,Prediction: pos,"Prediction: [0.3226, 0.6774]","Prediction: [0.8, 0.2]"
870,Prediction: pos,"Prediction: [0.7681, 0.2319]","Prediction: [0.8, 0.2]"
871,Prediction: pos,"Prediction: [0.7681, 0.2319]","Prediction: [0.8, 0.2]"
872,Prediction: neg,"Prediction: [0.3226, 0.6774]","Prediction: [0.1, 0.9]"
873,Prediction: neg,"Prediction: [0.3226, 0.6774]","Prediction: [0.5, 0.5]"
874,Prediction: pos,"Prediction: [0.7681, 0.2319]","Prediction: [0.8, 0.2]"
875,Prediction: neg,"Prediction: [0.3226, 0.6774]","Prediction: [0.1, 0.9]"
876,Prediction: neg,"Prediction: [0.7681, 0.2319]","Prediction: [0.8, 0.2]"
877,Prediction: pos,"Prediction: [0.7681, 0.2319]","Prediction: [0.8, 0.2]"
878,Prediction: pos,"Prediction: [0.7681, 0.2319]","Prediction: [0.8, 0.2]"
879,Prediction: pos,"Prediction: [0.7681, 0.2319]","Prediction: [0.8, 0.2]"
880,Prediction: pos,"Prediction: [0.7681, 0.2319]","Prediction: [0.5, 0.5]"
881,Prediction: pos,"Prediction: [0.7681, 0.2319]","Prediction: [0.8, 0.2]"
882,Prediction: neg,"Prediction: [0.3226, 0.6774]","Prediction: [0.1, 0.9]"
883,Prediction: pos,"Prediction: [0.7681, 0.2319]","Prediction: [0.8, 0.2]"
884,Prediction: neg,"Prediction: [0.7681, 0.2319]","Prediction: [0.8, 0.2]"
885,Prediction: pos,"Prediction: [0.7681, 0.2319]","Prediction: [0.8, 0.2]"
886,Prediction: pos,"Prediction: [0.7681, 0.2319]","Prediction: [0.8, 0.2]"
887,Prediction: neg,"Prediction: [0.3226, 0.6774]","Prediction: [0.1, 0.9]"
888,Prediction: pos,"Prediction: [0.7681, 0.2319]","Prediction: [0.8, 0.2]"
889,Prediction: pos,"Prediction: [0.7681, 0.2319]","Prediction: [0.8, 0.2]"
890,Prediction: neg,"Prediction: [0.3226, 0.6774]","Prediction: [0.5, 0.5]"
891,Prediction: pos,"Prediction: [0.7681, 0.2319]","Prediction: [0.8, 0.2]"
892,Prediction: pos,"Prediction: [0.7681, 0.2319]","Prediction: [0.8, 0.2]"
893,Prediction: neg,"Prediction: [0.3226, 0.6774]","Prediction: [0.1, 0.9]"
894,Prediction: pos,"Prediction: [0.7681, 0.2319]","Prediction: [0.8, 0.2]"
895,Prediction: pos,"Prediction: [0.7681, 0.2319]","Prediction: [0.8, 0.2]"
896,Prediction: pos,"Prediction: [0.3226, 0.6774]","Prediction: [0.8, 0.2]"
897,Prediction: pos,"Prediction: [0.7681, 0.2319]","Prediction: [0.8, 0.2]"
898,Prediction: pos,"Prediction: [0.7681, 0.2319]","Prediction: [0.5, 0.5]"
899,Prediction: pos,"Prediction: [0.7681, 0.2319]","Prediction: [0.8, 0.2]"
900,Prediction: pos,"Prediction: [0.7681, 0.2319]","Prediction: [0.8, 0.2]"
901,Prediction: pos,"Prediction: [0.7681, 0.2319]","Prediction: [0.8, 0.2]"
902,Prediction: neg,"Prediction: [0.3226, 0.6774]","Prediction: [0.1, 0.9]"
903,Prediction: pos,"Prediction: [0.7681, 0.2319]","Prediction: [0.8, 0.2]"
904,Prediction: neg,"Prediction: [0.3226, 0.6774]","Prediction: [0.1, 0.9]"
905,Prediction: neg,"Prediction: [0.3226, 0.6774]","Prediction: [0.1, 0.9]"
906,Prediction: neg,"Prediction: [0.7681, 0.2319]","Prediction: [0.8, 0.2]"
907,Prediction: neg,"Prediction: [0.3226, 0.6774]","Prediction: [0.1, 0.9]"
908,Prediction: pos,"Prediction: [0.7681, 0.2319]","Prediction: [0.8, 0.2]"
909,Prediction: pos,"Prediction: [0.7681, 0.2319]","Prediction: [0.8, 0.2]"
910,Prediction: pos,"Prediction: [0.7681, 0.2319]","Prediction: [0.8, 0.2]"
911,Prediction: pos,"Prediction: [0.7681, 0.2319]","Prediction: [0.8, 0.2]"
912,Prediction: neg,"Prediction: [0.3226, 0.6774]","Prediction: [0.1, 0.9]"
913,Prediction: neg,"Prediction: [0.3226, 0.6774]","Prediction: [0.1, 0.9]"
914,Prediction: pos,"Prediction: [0.3226, 0.6774]","Prediction: [0.5, 0.5]"
915,Prediction: neg,"Prediction: [0.3226, 0.6774]","Prediction: [0.1, 0.9]"
916,Prediction: neg,"Prediction: [0.7681, 0.2319]","Prediction: [0.8, 0.2]"
917,Prediction: pos,"Prediction: [0.7681, 0.2319]","Prediction: [0.8, 0.2]"
918,Prediction: neg,"Prediction: [0.3226, 0.6774]","Prediction: [0.1, 0.9]"
919,Prediction: pos,"Prediction: [0.7681, 0.2319]","Prediction: [0.8, 0.2]"
920,Prediction: pos,"Prediction: [0.7681, 0.2319]","Prediction: [0.8, 0.2]"
921,Prediction: pos,"Prediction: [0.7681, 0.2319]","Prediction: [0.8, 0.2]"
922,Prediction: pos,"Prediction: [0.7681, 0.2319]","Prediction: [0.5, 0.5]"
923,Prediction: pos,"Prediction: [0.7681, 0.2319]","Prediction: [0.8, 0.2]"
924,Prediction: pos,"Prediction: [0.3226, 0.6774]","Prediction: [0.8, 0.2]"
925,Prediction: pos,"Prediction: [0.7681, 0.2319]","Prediction: [0.8, 0.2]"
926,Prediction: pos,"Prediction: [0.7681, 0.2319]","Prediction: [0.8, 0.2]"
927,Prediction: neg,"Prediction: [0.3226, 0.6774]","Prediction: [0.1, 0.9]"
928,Prediction: pos,"Prediction: [0.7681, 0.2319]","Prediction: [0.8, 0.2]"
929,Prediction: pos,"Prediction: [0.7681, 0.2319]","Prediction: [0.8, 0.2]"
930,Prediction: neg,"Prediction: [0.7681, 0.2319]","Prediction: [0.5, 0.5]"
931,Prediction: neg,"Prediction: [0.3226, 0.6774]","Prediction: [0.1, 0.9]"
932,Prediction: pos,"Prediction: [0.7681, 0.2319]","Prediction: [0.8, 0.2]"
933,Prediction: pos,"Prediction: [0.3226, 0.6774]","Prediction: [0.8, 0.2]"
934,Prediction: neg,"Prediction: [0.3226, 0.6774]","Prediction: [0.1, 0.9]"
935,Prediction: neg,"Prediction: [0.3226, 0.6774]","Prediction: [0.1, 0.9]"
936,Prediction: neg,"Prediction: [0.3226, 0.6774]","Prediction: [0.1, 0.9]"
937,Prediction: pos,"Prediction: [0.7681, 0.2319]","Prediction: [0.8, 0.2]"
938,Prediction: neg,"Prediction: [0.3226, 0.6774]","Prediction: [0.1, 0.9]"
939,Prediction: pos,"Prediction: [0.7681, 0.2319]","Prediction: [0.8, 0.2]"
940,Prediction: pos,"Prediction: [0.7681, 0.2319]","Prediction: [0.8, 0.2]"
941,Prediction: pos,"Prediction: [0.7681, 0.2319]","Prediction: [0.8, 0.2]"
942,Prediction: pos,"Prediction: [0.7681, 0.2319]","Prediction: [0.8, 0.2]"
943,Prediction: neg,"Prediction: [0.3226, 0.6774]","Prediction: [0.1, 0.9]"
944,Prediction: neg,"Prediction: [0.3226, 0.6774]","Prediction: [0.1, 0.9]"
945,Prediction: pos,"Prediction: [0.7681, 0.2319]","Prediction: [0.8, 0.2]"
946,Prediction: pos,"Prediction: [0.7681, 0.2319]","Prediction: [0.8, 0.2]"
947,Prediction: pos,"Prediction: [0.7681, 0.2319]","Prediction: [0.5, 0.5]"
948,Prediction: pos,"Prediction: [0.7681, 0.2319]","Prediction: [0.8, 0.2]"
949,Prediction: pos,"Prediction: [0.3226, 0.6774]","Prediction: [0.8, 0.2]"
950,Prediction: pos,"Prediction: [0.7681, 0.2319]","Prediction: [0.8, 0.2]"
951,Prediction: pos,"Prediction: [0.7681, 0.2319]","Prediction: [0.8, 0.2]"
952,Prediction: pos,"Prediction: [0.7681, 0.2319]","Prediction: [0.8, 0.2]"
953,Prediction: pos,"Prediction: [0.7681, 0.2319]","Prediction: [0.8, 0.2]"
954,Prediction: pos,"Prediction: [0.7681, 0.2319]","Prediction: [0.8, 0.2]"
955,Prediction: pos,"Prediction: [0.7681, 0.2319]","Prediction: [0.8, 0.2]"
956,Prediction: pos,"Prediction: [0.7681, 0.2319]","Prediction: [0.8, 0.2]"
957,Prediction: pos,"Prediction: [0.7681, 0.2319]","Prediction: [0.8, 0.2]"
958,Prediction: pos,"Prediction: [0.7681, 0.2319]","Prediction: [0.8, 0.2]"
959,Prediction: pos,"Prediction: [0.3226, 0.6774]","Prediction: [0.5, 0.5]"
960,Prediction: neg,"Prediction: [0.3226, 0.6774]","Prediction: [0.1, 0.9]"
961,Prediction: neg,"Prediction: [0.3226, 0.6774]","Prediction: [0.1, 0.9]"
962,Prediction: pos,"Prediction: [0.7681, 0.2319]","Prediction: [0.8, 0.2]"
963,Prediction: pos,"Prediction: [0.7681, 0.2319]","Prediction: [0.8, 0.2]"
964,Prediction: pos,"Prediction: [0.7681, 0.2319]","Prediction: [0.8, 0.2]"
965,Prediction: pos,"Prediction: [0.7681, 0.2319]","Prediction: [0.8, 0.2]"
966,Prediction: pos,"Prediction: [0.7681, 0.2319]","Prediction: [0.8, 0.2]"
967,Prediction: neg,"Prediction: [0.7681, 0.2319]","Prediction: [0.8, 0.2]"
968,Prediction: neg,"Prediction: [0.7681, 0.2319]","Prediction: [0.8, 0.2]"
969,Prediction: pos,"Prediction: [0.7681, 0.2319]","Prediction: [0.8, 0.2]"
970,Prediction: pos,"Prediction: [0.7681, 0.2319]","Prediction: [0.8, 0.2]"
971,Prediction: pos,"Prediction: [0.3226, 0.6774]","Prediction: [0.8, 0.2]"
972,Prediction: pos,"Prediction: [0.7681, 0.2319]","Prediction: [0.8, 0.2]"
973,Prediction: pos,"Prediction: [0.7681, 0.2319]","Prediction: [0.8, 0.2]"
974,Prediction: pos,"Prediction: [0.7681, 0.2319]","Prediction: [0.8, 0.2]"
975,Prediction: pos,"Prediction: [0.7681, 0.2319]","Prediction: [0.8, 0.2]"
976,Prediction: neg,"Prediction: [0.3226, 0.6774]","Prediction: [0.1, 0.9]"
977,Prediction: pos,"Prediction: [0.7681, 0.2319]","Prediction: [0.8, 0.2]"
978,Prediction: pos,"Prediction: [0.7681, 0.2319]","Prediction: [0.8, 0.2]"
979,Prediction: pos,"Prediction: [0.7681, 0.2319]","Prediction: [0.8, 0.2]"
980,Prediction: neg,"Prediction: [0.3226, 0.6774]","Prediction: [0.1, 0.9]"
981,Prediction: pos,"Prediction: [0.7681, 0.2319]","Prediction: [0.8, 0.2]"
982,Prediction: pos,"Prediction: [0.7681, 0.2319]","Prediction: [0.8, 0.2]"
983,Prediction: pos,"Prediction: [0.7681, 0.2319]","Prediction: [0.8, 0.2]"
984,Prediction: neg,"Prediction: [0.7681, 0.2319]","Prediction: [0.8, 0.2]"
985,Prediction: pos,"Prediction: [0.7681, 0.2319]","Prediction: [0.8, 0.2]"
986,Prediction: neg,"Prediction: [0.3226, 0.6774]","Prediction: [0.1, 0.9]"
987,Prediction: pos,"Prediction: [0.7681, 0.2319]","Prediction: [0.5, 0.5]"
988,Prediction: neg,"Prediction: [0.7681, 0.2319]","Prediction: [0.1, 0.9]"
989,Prediction: pos,"Prediction: [0.7681, 0.2319]","Prediction: [0.8, 0.2]"
990,Prediction: pos,"Prediction: [0.7681, 0.2319]","Prediction: [0.8, 0.2]"
991,Prediction: neg,"Prediction: [0.3226, 0.6774]","Prediction: [0.1, 0.9]"
992,Prediction: neg,"Prediction: [0.3226, 0.6774]","Prediction: [0.1, 0.9]"
993,Prediction: pos,"Prediction: [0.7681, 0.2319]","Prediction: [0.8, 0.2]"
994,Prediction: neg,"Prediction: [0.7681, 0.2319]","Prediction: [0.8, 0.2]"
995,Prediction: neg,"Prediction: [0.7681, 0.2319]","Prediction: [0.8, 0.2]"
996,Prediction: pos,"Prediction: [0.3226, 0.6774]","Prediction: [0.5, 0.5]"
997,Prediction: pos,"Prediction: [0.7681, 0.2319]","Prediction: [0.8, 0.2]"
998,Prediction: neg,"Prediction: [0.7681, 0.2319]","Prediction: [0.8, 0.2]"
999,Prediction: pos,"Prediction: [0.7681, 0.2319]","Prediction: [0.8, 0.2]"
