,e_1,e_2,e_3,e_4,e_5,e_6,e_7,e_8,e_9,e_10
0,pos,neg,pos,pos,neg,neg,pos,pos,neg,neg
1,pos,pos,neg,pos,pos,pos,neg,pos,pos,neg
2,pos,pos,pos,neg,neg,pos,pos,pos,pos,neg
3,pos,pos,pos,pos,pos,pos,pos,neg,neg,pos
4,pos,pos,neg,pos,pos,neg,pos,pos,neg,pos
5,pos,pos,pos,pos,pos,pos,pos,pos,pos,neg
6,pos,pos,pos,pos,pos,pos,neg,pos,pos,pos
7,pos,pos,pos,pos,pos,neg,neg,pos,neg,pos
8,pos,pos,pos,pos,neg,pos,pos,pos,pos,pos
9,neg,neg,pos,pos,pos,neg,pos,pos,pos,neg
10,neg,pos,neg,pos,neg,neg,pos,pos,pos,pos
11,neg,pos,neg,pos,pos,neg,pos,pos,pos,pos
12,neg,pos,pos,pos,pos,pos,neg,pos,neg,pos
13,neg,pos,neg,pos,neg,pos,pos,pos,pos,pos
14,neg,pos,pos,pos,pos,pos,pos,pos,pos,pos
15,neg,neg,pos,pos,pos,neg,pos,pos,neg,pos
16,pos,pos,pos,pos,pos,pos,pos,neg,pos,pos
17,neg,pos,pos,pos,pos,neg,pos,pos,pos,pos
18,neg,neg,neg,neg,neg,neg,neg,pos,neg,neg
19,neg,pos,pos,neg,pos,pos,pos,pos,pos,pos
20,neg,neg,neg,neg,neg,neg,neg,neg,neg,neg
21,neg,neg,neg,pos,pos,pos,neg,pos,pos,neg
22,pos,neg,neg,pos,pos,pos,pos,pos,pos,neg
23,pos,pos,neg,pos,neg,neg,neg,neg,neg,neg
24,pos,pos,neg,pos,pos,pos,neg,pos,neg,pos
25,pos,pos,pos,pos,pos,pos,pos,pos,pos,neg
26,pos,pos,pos,pos,pos,pos,pos,neg,pos,pos
27,pos,pos,pos,pos,neg,neg,pos,pos,neg,pos
28,pos,pos,pos,pos,pos,pos,pos,pos,pos,pos
29,neg,neg,neg,neg,neg,neg,neg,neg,neg,neg
30,neg,neg,neg,neg,neg,neg,neg,neg,neg,neg
31,pos,pos,neg,pos,pos,pos,pos,pos,pos,pos
32,pos,pos,pos,pos,pos,neg,neg,pos,neg,pos
33,neg,pos,pos,pos,pos,pos,pos,neg,pos,pos
34,pos,pos,neg,pos,pos,neg,neg,neg,pos,pos
35,pos,neg,neg,pos,pos,pos,pos,pos,pos,pos
36,neg,pos,neg,pos,pos,pos,pos,pos,pos,pos
37,pos,neg,pos,neg,neg,neg,pos,pos,pos,pos
38,pos,pos,pos,pos,neg,pos,pos,pos,pos,pos
39,pos,pos,neg,pos,pos,neg,pos,neg,neg,neg
40,neg,neg,pos,neg,pos,neg,neg,neg,neg,neg
41,pos,pos,pos,neg,neg,pos,pos,pos,pos,pos
42,pos,pos,pos,neg,pos,pos,pos,pos,pos,pos
43,neg,neg,pos,neg,neg,neg,neg,neg,neg,neg
44,pos,pos,pos,pos,neg,pos,pos,pos,pos,neg
45,pos,pos,pos,pos,pos,pos,neg,pos,neg,pos
46,neg,pos,pos,neg,pos,neg,pos,pos,neg,pos
47,pos,pos,neg,neg,neg,neg,neg,pos,neg,pos
48,pos,neg,neg,pos,pos,pos,pos,pos,pos,pos
49,neg,neg,neg,neg,neg,neg,neg,neg,neg,neg
50,pos,neg,neg,neg,pos,pos,pos,pos,neg,pos
51,pos,pos,neg,pos,pos,pos,pos,pos,pos,pos
52,pos,pos,pos,pos,pos,neg,neg,pos,pos,pos
53,pos,pos,pos,pos,pos,pos,pos,pos,neg,neg
54,pos,pos,pos,pos,neg,pos,pos,neg,pos,neg
55,pos,pos,pos,pos,pos,pos,pos,pos,pos,pos
56,neg,neg,pos,pos,pos,pos,neg,pos,neg,neg
57,pos,neg,pos,neg,pos,pos,pos,pos,neg,neg
58,neg,neg,pos,neg,neg,neg,neg,neg,neg,neg
59,neg,pos,neg,pos,pos,pos,neg,pos,pos,pos
60,pos,neg,neg,neg,pos,pos,neg,neg,neg,neg
61,pos,pos,neg,pos,neg,pos,pos,neg,neg,pos
62,pos,neg,pos,pos,pos,pos,pos,pos,neg,pos
63,pos,neg,neg,pos,pos,neg,neg,pos,pos,neg
64,neg,neg,neg,neg,neg,neg,neg,neg,neg,neg
65,pos,pos,pos,pos,pos,pos,pos,pos,pos,neg
66,neg,neg,pos,pos,neg,neg,pos,pos,neg,pos
67,neg,neg,neg,neg,neg,neg,neg,neg,neg,neg
68,pos,pos,pos,pos,pos,pos,pos,pos,neg,pos
69,pos,pos,pos,pos,pos,pos,pos,pos,neg,pos
70,neg,neg,pos,neg,neg,pos,neg,neg,pos,neg
71,neg,neg,neg,neg,neg,neg,neg,neg,neg,neg
72,pos,neg,pos,neg,neg,neg,pos,pos,neg,neg
73,pos,pos,pos,pos,pos,pos,pos,pos,neg,pos
74,neg,neg,pos,pos,neg,pos,neg,neg,neg,pos
75,neg,neg,neg,pos,pos,pos,neg,pos,neg,pos
76,pos,pos,pos,pos,pos,pos,pos,pos,pos,neg
77,pos,pos,pos,pos,pos,neg,pos,neg,pos,pos
78,neg,neg,neg,neg,neg,neg,neg,neg,neg,neg
79,pos,pos,pos,pos,pos,neg,neg,pos,pos,pos
80,neg,pos,pos,pos,neg,pos,pos,pos,pos,pos
81,neg,neg,pos,neg,neg,neg,neg,neg,pos,neg
82,neg,pos,neg,neg,pos,pos,neg,neg,neg,pos
83,pos,pos,pos,pos,pos,neg,neg,pos,pos,neg
84,pos,neg,neg,pos,pos,pos,pos,pos,neg,neg
85,pos,pos,pos,pos,neg,pos,neg,pos,neg,pos
86,pos,pos,pos,pos,neg,pos,neg,pos,pos,pos
87,pos,pos,neg,neg,neg,pos,neg,pos,pos,pos
88,pos,neg,neg,neg,pos,pos,pos,neg,pos,pos
89,neg,neg,neg,neg,neg,neg,neg,neg,neg,neg
90,neg,neg,neg,neg,neg,neg,neg,neg,neg,neg
91,neg,neg,neg,pos,neg,neg,neg,neg,neg,neg
92,neg,pos,pos,pos,pos,pos,neg,neg,neg,pos
93,pos,pos,pos,pos,pos,neg,pos,pos,pos,pos
94,neg,pos,neg,pos,pos,pos,pos,pos,neg,neg
95,neg,neg,neg,neg,neg,neg,neg,neg,neg,neg
96,neg,neg,neg,neg,neg,pos,neg,pos,pos,neg
97,neg,neg,pos,neg,neg,neg,pos,neg,neg,neg
98,pos,pos,pos,pos,pos,pos,pos,pos,pos,pos
99,pos,pos,neg,pos,neg,pos,pos,neg,neg,pos
100,neg,neg,neg,pos,neg,pos,neg,neg,neg,pos
101,neg,pos,pos,pos,pos,pos,pos,neg,pos,pos
102,pos,pos,pos,pos,pos,pos,pos,pos,neg,pos
103,pos,pos,pos,pos,pos,neg,pos,neg,pos,neg
104,pos,pos,pos,pos,pos,pos,pos,pos,pos,neg
105,pos,pos,pos,neg,pos,pos,pos,pos,pos,pos
106,pos,pos,neg,pos,pos,pos,neg,neg,pos,neg
107,pos,neg,pos,pos,pos,pos,pos,pos,neg,pos
108,pos,neg,pos,pos,pos,pos,pos,neg,pos,neg
109,pos,neg,neg,neg,neg,pos,pos,neg,pos,pos
110,neg,pos,pos,pos,pos,neg,neg,neg,pos,pos
111,pos,pos,neg,pos,pos,pos,pos,pos,neg,neg
112,neg,pos,pos,neg,neg,neg,neg,neg,neg,neg
113,pos,pos,pos,pos,pos,pos,neg,pos,pos,pos
114,pos,neg,pos,pos,pos,pos,pos,pos,pos,pos
115,pos,pos,pos,pos,pos,pos,pos,pos,pos,pos
116,pos,pos,pos,pos,pos,neg,pos,pos,neg,pos
117,neg,pos,neg,neg,neg,neg,neg,neg,neg,pos
118,pos,neg,neg,neg,neg,neg,neg,neg,neg,neg
119,pos,pos,pos,neg,pos,neg,neg,pos,pos,pos
120,neg,neg,neg,neg,neg,neg,neg,neg,neg,neg
121,neg,pos,pos,neg,pos,pos,pos,pos,pos,pos
122,pos,pos,neg,pos,pos,pos,pos,pos,neg,pos
123,pos,pos,pos,pos,pos,pos,pos,pos,neg,pos
124,pos,neg,pos,pos,neg,pos,pos,neg,pos,pos
125,pos,pos,pos,pos,pos,pos,neg,pos,pos,pos
126,neg,neg,pos,pos,pos,pos,pos,pos,pos,neg
127,neg,neg,neg,neg,neg,neg,neg,neg,neg,neg
128,pos,neg,pos,pos,pos,neg,neg,pos,pos,pos
129,neg,neg,neg,neg,neg,neg,neg,neg,neg,neg
130,pos,pos,pos,pos,pos,neg,neg,pos,pos,pos
131,neg,pos,neg,neg,neg,neg,neg,neg,neg,neg
132,neg,pos,neg,pos,pos,pos,pos,neg,neg,pos
133,neg,pos,pos,pos,pos,neg,neg,pos,neg,neg
134,neg,pos,pos,pos,neg,neg,pos,neg,pos,neg
135,neg,neg,neg,neg,neg,neg,neg,neg,pos,neg
136,neg,pos,neg,neg,neg,neg,neg,neg,neg,neg
137,pos,neg,pos,neg,pos,pos,pos,pos,pos,pos
138,neg,neg,pos,pos,neg,pos,pos,pos,pos,neg
139,neg,neg,neg,neg,neg,neg,neg,neg,pos,neg
140,pos,pos,pos,neg,neg,pos,pos,pos,neg,pos
141,pos,neg,pos,pos,pos,pos,neg,pos,neg,pos
142,neg,neg,pos,pos,pos,neg,neg,pos,neg,pos
143,neg,neg,neg,neg,neg,pos,neg,neg,pos,neg
144,pos,neg,pos,neg,pos,pos,pos,pos,neg,pos
145,neg,neg,pos,neg,neg,neg,neg,neg,neg,pos
146,pos,pos,pos,pos,pos,pos,pos,neg,neg,pos
147,neg,pos,pos,neg,neg,pos,neg,neg,pos,neg
148,pos,pos,neg,pos,pos,neg,pos,pos,pos,pos
149,neg,pos,pos,pos,neg,neg,pos,neg,pos,pos
150,neg,neg,neg,neg,neg,neg,neg,neg,neg,neg
151,neg,neg,pos,pos,neg,neg,neg,neg,neg,neg
152,neg,neg,neg,pos,pos,pos,pos,neg,pos,pos
153,pos,pos,pos,pos,pos,pos,pos,neg,pos,pos
154,pos,pos,pos,pos,pos,pos,pos,pos,neg,neg
155,neg,neg,neg,neg,neg,neg,neg,neg,neg,neg
156,neg,neg,neg,neg,neg,neg,neg,pos,neg,neg
157,pos,pos,pos,pos,pos,pos,pos,pos,pos,pos
158,neg,pos,neg,pos,neg,pos,pos,neg,pos,pos
159,pos,pos,pos,pos,pos,neg,pos,pos,pos,pos
160,neg,pos,pos,pos,pos,pos,neg,pos,pos,neg
161,neg,neg,pos,pos,neg,pos,neg,neg,neg,neg
162,pos,neg,pos,pos,pos,pos,pos,pos,neg,neg
163,neg,neg,neg,neg,pos,pos,pos,pos,neg,neg
164,neg,neg,pos,neg,neg,neg,neg,neg,pos,neg
165,pos,pos,pos,pos,pos,neg,pos,pos,pos,pos
166,neg,pos,neg,pos,neg,pos,pos,pos,pos,pos
167,pos,pos,neg,pos,pos,neg,pos,pos,pos,neg
168,pos,neg,pos,neg,pos,pos,pos,pos,pos,pos
169,pos,pos,neg,neg,pos,pos,pos,pos,neg,neg
170,pos,pos,pos,pos,pos,pos,pos,pos,neg,pos
171,neg,pos,pos,pos,pos,neg,pos,pos,pos,pos
172,pos,pos,pos,pos,pos,neg,pos,pos,pos,pos
173,pos,neg,pos,pos,pos,pos,pos,neg,pos,neg
174,neg,pos,neg,pos,pos,pos,pos,neg,pos,neg
175,neg,neg,neg,neg,neg,neg,neg,neg,pos,neg
176,neg,neg,neg,neg,neg,neg,neg,neg,neg,neg
177,neg,pos,neg,neg,neg,neg,neg,neg,neg,neg
178,neg,pos,pos,pos,pos,pos,pos,pos,pos,pos
179,pos,pos,pos,pos,pos,pos,neg,pos,pos,pos
180,pos,pos,pos,neg,neg,pos,pos,pos,pos,pos
181,pos,pos,pos,pos,pos,pos,pos,pos,pos,pos
182,pos,neg,neg,pos,pos,pos,pos,pos,pos,pos
183,neg,neg,neg,neg,neg,neg,neg,neg,neg,neg
184,pos,neg,pos,pos,pos,pos,pos,pos,pos,neg
185,pos,pos,pos,pos,pos,pos,pos,pos,neg,neg
186,neg,pos,pos,pos,pos,neg,neg,pos,pos,pos
187,neg,neg,pos,pos,neg,neg,pos,pos,neg,neg
188,pos,pos,pos,pos,pos,pos,pos,pos,pos,pos
189,pos,pos,pos,pos,neg,pos,pos,pos,pos,pos
190,pos,pos,pos,pos,neg,pos,pos,pos,pos,pos
191,pos,neg,pos,pos,pos,pos,pos,pos,pos,pos
192,pos,pos,pos,neg,neg,neg,pos,pos,neg,pos
193,pos,pos,pos,pos,pos,neg,neg,pos,neg,pos
194,neg,neg,pos,pos,pos,neg,neg,pos,neg,pos
195,pos,pos,neg,pos,pos,pos,pos,pos,pos,pos
196,pos,neg,pos,neg,pos,neg,pos,neg,neg,pos
197,neg,pos,pos,neg,pos,pos,pos,neg,pos,pos
198,pos,pos,neg,pos,pos,pos,pos,pos,neg,pos
199,pos,pos,pos,pos,pos,pos,pos,pos,pos,neg
200,pos,neg,neg,pos,pos,pos,pos,pos,pos,pos
201,pos,neg,pos,pos,neg,pos,pos,neg,pos,pos
202,pos,pos,pos,pos,pos,pos,pos,pos,neg,neg
203,pos,pos,pos,pos,pos,pos,pos,pos,pos,pos
204,pos,pos,pos,neg,pos,pos,pos,neg,pos,neg
205,pos,pos,pos,neg,pos,pos,pos,pos,neg,pos
206,pos,pos,pos,pos,neg,pos,pos,pos,pos,pos
207,pos,pos,pos,pos,pos,neg,pos,neg,pos,pos
208,neg,neg,pos,pos,pos,pos,neg,neg,neg,pos
209,pos,neg,pos,neg,neg,pos,pos,pos,neg,neg
210,pos,pos,pos,pos,pos,pos,pos,pos,pos,pos
211,pos,pos,pos,pos,pos,pos,pos,neg,neg,pos
212,pos,neg,neg,pos,pos,neg,pos,pos,neg,neg
213,neg,neg,neg,neg,neg,neg,neg,neg,neg,neg
214,pos,neg,neg,neg,pos,neg,neg,neg,neg,neg
215,pos,pos,neg,pos,pos,pos,pos,pos,pos,pos
216,pos,pos,pos,neg,pos,pos,neg,pos,pos,pos
217,pos,neg,neg,neg,pos,pos,neg,pos,pos,pos
218,pos,pos,pos,pos,pos,pos,pos,pos,pos,pos
219,neg,pos,pos,neg,pos,pos,pos,neg,pos,pos
220,pos,neg,pos,pos,pos,pos,pos,neg,pos,pos
221,neg,neg,neg,neg,neg,neg,neg,neg,neg,neg
222,pos,neg,pos,neg,neg,pos,neg,pos,neg,neg
223,pos,neg,pos,pos,pos,pos,pos,pos,pos,pos
224,pos,pos,neg,neg,pos,neg,neg,neg,neg,pos
225,pos,pos,pos,pos,pos,neg,pos,neg,pos,pos
226,neg,pos,pos,pos,pos,neg,pos,pos,pos,pos
227,pos,pos,pos,pos,pos,pos,pos,pos,pos,pos
228,pos,neg,pos,pos,pos,pos,neg,pos,pos,pos
229,pos,pos,pos,pos,pos,pos,pos,pos,pos,pos
230,pos,neg,pos,pos,pos,pos,neg,pos,pos,pos
231,neg,neg,neg,neg,neg,neg,pos,neg,neg,neg
232,pos,pos,pos,pos,pos,pos,pos,pos,pos,neg
233,pos,pos,pos,neg,pos,pos,pos,neg,pos,pos
234,pos,neg,neg,pos,pos,neg,pos,pos,pos,neg
235,pos,pos,pos,pos,pos,pos,pos,pos,pos,pos
236,pos,pos,neg,pos,neg,neg,pos,pos,neg,pos
237,pos,pos,pos,pos,neg,pos,pos,pos,pos,pos
238,pos,pos,pos,pos,pos,pos,pos,neg,pos,pos
239,pos,pos,neg,neg,pos,pos,pos,pos,neg,neg
240,pos,pos,pos,neg,neg,neg,neg,pos,pos,pos
241,pos,pos,pos,pos,neg,pos,pos,pos,pos,neg
242,pos,pos,pos,neg,pos,pos,neg,pos,pos,pos
243,pos,neg,neg,pos,pos,pos,pos,pos,pos,pos
244,neg,neg,neg,neg,neg,neg,neg,neg,neg,neg
245,pos,pos,neg,neg,neg,neg,pos,neg,pos,pos
246,pos,pos,neg,pos,neg,pos,pos,pos,pos,pos
247,pos,pos,pos,pos,pos,pos,pos,pos,pos,pos
248,pos,pos,pos,neg,pos,neg,neg,pos,pos,neg
249,pos,pos,pos,neg,neg,pos,pos,pos,pos,pos
250,pos,neg,pos,pos,pos,pos,pos,neg,pos,pos
251,pos,pos,pos,pos,pos,neg,pos,neg,pos,pos
252,pos,pos,pos,pos,neg,neg,pos,neg,neg,neg
253,neg,neg,neg,neg,pos,neg,neg,neg,neg,neg
254,pos,pos,neg,pos,neg,pos,pos,pos,pos,neg
255,pos,pos,pos,pos,pos,pos,pos,neg,pos,pos
256,neg,neg,neg,neg,neg,neg,neg,neg,neg,neg
257,pos,neg,neg,pos,neg,neg,neg,neg,pos,neg
258,pos,pos,pos,pos,pos,pos,pos,pos,pos,pos
259,pos,pos,pos,pos,pos,pos,neg,pos,neg,pos
260,pos,pos,pos,neg,pos,neg,pos,neg,pos,pos
261,pos,pos,pos,pos,pos,pos,pos,pos,pos,pos
262,neg,pos,pos,pos,pos,neg,pos,neg,pos,pos
263,neg,neg,neg,neg,neg,neg,pos,neg,neg,neg
264,pos,pos,pos,neg,pos,neg,pos,pos,pos,pos
265,pos,pos,pos,pos,pos,pos,pos,pos,pos,pos
266,neg,pos,neg,pos,pos,pos,neg,neg,pos,pos
267,pos,neg,pos,neg,neg,pos,neg,pos,pos,pos
268,neg,neg,neg,neg,neg,neg,neg,neg,neg,neg
269,neg,pos,pos,neg,neg,pos,pos,pos,pos,pos
270,pos,pos,pos,pos,pos,pos,pos,neg,neg,pos
271,neg,pos,neg,pos,neg,pos,pos,pos,pos,pos
272,neg,pos,pos,neg,pos,pos,pos,pos,pos,neg
273,pos,neg,neg,pos,pos,pos,pos,pos,neg,pos
274,neg,neg,pos,pos,pos,pos,pos,pos,pos,pos
275,neg,pos,neg,neg,pos,neg,neg,pos,pos,pos
276,neg,neg,pos,pos,pos,pos,pos,pos,neg,pos
277,pos,pos,pos,neg,pos,pos,pos,neg,pos,pos
278,pos,pos,pos,pos,pos,pos,pos,pos,pos,pos
279,pos,pos,pos,pos,pos,neg,pos,pos,pos,neg
280,pos,pos,neg,pos,pos,pos,pos,pos,pos,pos
281,pos,pos,neg,neg,neg,pos,pos,pos,pos,pos
282,neg,pos,neg,neg,neg,pos,pos,neg,neg,neg
283,neg,neg,neg,neg,neg,neg,neg,neg,neg,neg
284,pos,neg,pos,neg,neg,pos,pos,pos,neg,pos
285,neg,pos,pos,pos,neg,pos,pos,pos,neg,pos
286,neg,pos,pos,pos,pos,neg,pos,pos,pos,pos
287,pos,pos,neg,pos,pos,pos,neg,pos,neg,neg
288,pos,neg,pos,pos,pos,pos,pos,pos,pos,pos
289,pos,pos,neg,pos,pos,pos,pos,pos,pos,neg
290,neg,pos,neg,neg,neg,neg,neg,pos,pos,pos
291,pos,neg,pos,pos,pos,pos,pos,pos,pos,pos
292,neg,neg,neg,neg,neg,pos,neg,neg,neg,pos
293,pos,pos,pos,neg,neg,pos,pos,pos,neg,pos
294,neg,neg,neg,pos,neg,neg,neg,neg,neg,neg
295,neg,pos,pos,neg,neg,neg,pos,neg,neg,neg
296,pos,neg,pos,pos,pos,pos,pos,pos,pos,pos
297,pos,neg,neg,neg,neg,pos,pos,neg,neg,neg
298,neg,pos,pos,neg,neg,neg,pos,neg,pos,neg
299,pos,neg,neg,neg,pos,neg,neg,pos,pos,pos
300,neg,pos,pos,neg,neg,pos,neg,pos,pos,pos
301,pos,pos,neg,pos,pos,pos,pos,pos,pos,pos
302,neg,pos,pos,pos,pos,pos,pos,pos,neg,pos
303,pos,pos,pos,pos,pos,pos,neg,pos,pos,neg
304,neg,neg,neg,neg,neg,pos,neg,neg,neg,neg
305,pos,pos,pos,pos,pos,pos,pos,pos,pos,pos
306,neg,neg,neg,neg,pos,neg,neg,pos,pos,neg
307,neg,pos,neg,neg,neg,neg,neg,neg,neg,neg
308,neg,neg,neg,neg,neg,neg,neg,neg,neg,neg
309,neg,neg,neg,pos,neg,neg,neg,pos,neg,neg
310,neg,neg,neg,neg,neg,neg,neg,neg,neg,neg
311,neg,neg,pos,pos,pos,neg,pos,neg,pos,pos
312,neg,pos,pos,neg,pos,neg,pos,pos,neg,neg
313,pos,pos,neg,pos,pos,pos,pos,pos,pos,neg
314,pos,pos,pos,neg,neg,neg,pos,pos,pos,pos
315,pos,pos,neg,pos,pos,pos,pos,pos,pos,pos
316,neg,pos,pos,pos,pos,neg,pos,pos,pos,pos
317,neg,neg,neg,neg,pos,pos,neg,pos,pos,neg
318,pos,pos,pos,pos,pos,pos,pos,pos,pos,pos
319,neg,neg,neg,neg,neg,neg,neg,neg,neg,neg
320,pos,neg,pos,pos,neg,pos,pos,pos,pos,pos
321,pos,pos,pos,neg,pos,pos,pos,pos,pos,neg
322,pos,pos,pos,pos,neg,pos,pos,pos,pos,pos
323,pos,pos,pos,pos,pos,pos,pos,pos,pos,neg
324,pos,pos,pos,neg,pos,pos,neg,pos,neg,neg
325,pos,neg,pos,neg,pos,pos,pos,neg,pos,neg
326,pos,pos,neg,neg,pos,pos,pos,pos,pos,pos
327,pos,pos,neg,pos,pos,pos,pos,pos,pos,pos
328,pos,neg,pos,neg,pos,neg,pos,pos,pos,pos
329,neg,pos,neg,pos,pos,pos,pos,pos,pos,neg
330,neg,neg,neg,neg,neg,neg,neg,pos,neg,neg
331,pos,neg,pos,pos,pos,pos,pos,pos,pos,pos
332,pos,pos,pos,pos,pos,pos,pos,pos,pos,pos
333,neg,pos,pos,pos,pos,pos,pos,neg,neg,neg
334,pos,pos,pos,neg,pos,pos,pos,pos,pos,pos
335,neg,neg,neg,neg,neg,neg,pos,neg,neg,neg
336,pos,pos,pos,pos,neg,neg,pos,pos,pos,pos
337,neg,neg,neg,neg,neg,neg,neg,pos,neg,neg
338,pos,pos,neg,pos,pos,pos,pos,neg,neg,pos
339,neg,neg,pos,neg,neg,neg,neg,neg,neg,neg
340,pos,pos,pos,pos,neg,pos,neg,pos,pos,pos
341,pos,pos,pos,neg,pos,pos,pos,pos,pos,pos
342,pos,pos,pos,neg,neg,pos,pos,neg,pos,pos
343,neg,pos,pos,pos,neg,pos,pos,pos,pos,pos
344,pos,pos,pos,pos,pos,pos,pos,pos,pos,pos
345,pos,pos,pos,pos,neg,neg,pos,pos,neg,pos
346,pos,pos,pos,pos,pos,pos,pos,pos,pos,pos
347,pos,pos,pos,neg,pos,pos,pos,pos,pos,pos
348,pos,pos,pos,pos,pos,pos,pos,pos,neg,pos
349,neg,neg,neg,neg,neg,neg,neg,neg,neg,neg
350,pos,pos,pos,neg,pos,neg,pos,pos,pos,pos
351,neg,pos,neg,neg,neg,neg,neg,neg,neg,neg
352,neg,pos,pos,pos,pos,neg,pos,neg,pos,pos
353,pos,pos,pos,pos,pos,neg,pos,pos,pos,pos
354,neg,neg,neg,neg,neg,neg,neg,neg,neg,neg
355,pos,pos,pos,neg,pos,pos,pos,pos,neg,neg
356,neg,neg,pos,pos,pos,pos,pos,pos,pos,neg
357,pos,neg,pos,neg,pos,pos,pos,pos,neg,pos
358,pos,neg,pos,pos,neg,pos,pos,pos,neg,pos
359,pos,pos,pos,neg,pos,pos,pos,pos,pos,pos
360,pos,pos,pos,pos,pos,pos,pos,neg,pos,neg
361,pos,pos,pos,pos,neg,pos,neg,pos,neg,pos
362,pos,pos,neg,neg,neg,pos,pos,neg,pos,pos
363,pos,pos,pos,pos,pos,neg,pos,neg,pos,pos
364,pos,pos,neg,neg,pos,neg,pos,pos,neg,pos
365,neg,neg,neg,neg,neg,neg,neg,neg,neg,neg
366,neg,pos,neg,pos,pos,pos,pos,pos,pos,pos
367,pos,neg,pos,pos,pos,pos,pos,pos,neg,pos
368,neg,neg,neg,neg,neg,neg,neg,neg,neg,neg
369,pos,pos,neg,pos,pos,pos,neg,pos,pos,pos
370,pos,pos,neg,pos,neg,neg,neg,pos,neg,neg
371,pos,pos,pos,pos,pos,pos,pos,pos,pos,neg
372,pos,pos,neg,neg,pos,pos,pos,pos,pos,neg
373,neg,neg,neg,neg,neg,neg,neg,neg,neg,neg
374,neg,pos,pos,neg,pos,pos,neg,neg,pos,pos
375,neg,neg,pos,pos,neg,neg,pos,pos,neg,pos
376,neg,pos,pos,pos,neg,pos,pos,neg,pos,pos
377,pos,pos,pos,pos,pos,pos,pos,pos,pos,pos
378,neg,neg,neg,neg,neg,neg,neg,neg,pos,pos
379,neg,pos,pos,pos,pos,pos,pos,neg,pos,pos
380,pos,pos,pos,pos,pos,pos,pos,pos,pos,pos
381,pos,pos,pos,pos,pos,neg,pos,pos,pos,pos
382,pos,pos,pos,pos,neg,pos,pos,pos,pos,pos
383,pos,neg,pos,pos,pos,pos,pos,pos,pos,pos
384,pos,pos,pos,pos,pos,pos,pos,neg,pos,pos
385,neg,pos,pos,pos,pos,pos,neg,pos,pos,neg
386,pos,pos,pos,pos,pos,pos,pos,pos,neg,pos
387,pos,pos,neg,pos,pos,pos,pos,pos,pos,pos
388,pos,pos,pos,pos,neg,pos,pos,pos,pos,neg
389,neg,neg,neg,pos,pos,neg,neg,neg,pos,neg
390,neg,pos,pos,pos,neg,neg,pos,neg,neg,neg
391,pos,pos,pos,pos,neg,pos,pos,neg,neg,neg
392,neg,pos,neg,pos,pos,pos,pos,pos,pos,pos
393,pos,pos,pos,pos,pos,pos,neg,neg,pos,neg
394,neg,neg,neg,neg,neg,neg,neg,neg,neg,neg
395,pos,neg,neg,neg,neg,pos,neg,neg,neg,neg
396,pos,pos,pos,pos,pos,pos,neg,pos,pos,neg
397,pos,pos,neg,pos,neg,pos,pos,pos,neg,neg
398,neg,pos,pos,pos,neg,pos,neg,pos,pos,pos
399,neg,neg,pos,neg,neg,pos,pos,pos,pos,pos
400,neg,pos,neg,neg,pos,pos,neg,neg,neg,neg
401,pos,pos,pos,pos,pos,pos,pos,pos,neg,pos
402,neg,neg,neg,neg,pos,neg,neg,pos,pos,pos
403,neg,neg,pos,pos,pos,pos,pos,pos,pos,neg
404,neg,neg,neg,neg,neg,neg,neg,neg,neg,neg
405,pos,pos,neg,pos,pos,pos,pos,pos,pos,pos
406,neg,neg,neg,neg,neg,neg,neg,neg,pos,neg
407,neg,neg,neg,neg,neg,neg,neg,neg,neg,neg
408,neg,pos,neg,pos,pos,pos,pos,neg,pos,pos
409,pos,neg,pos,pos,pos,pos,pos,pos,pos,pos
410,neg,neg,neg,neg,pos,neg,neg,neg,neg,neg
411,pos,pos,pos,pos,pos,pos,pos,neg,pos,pos
412,pos,pos,pos,neg,pos,pos,pos,pos,pos,neg
413,pos,neg,neg,pos,neg,neg,neg,neg,pos,neg
414,neg,neg,pos,pos,pos,pos,pos,pos,neg,pos
415,pos,pos,pos,neg,pos,pos,pos,pos,pos,pos
416,neg,pos,pos,neg,neg,neg,neg,neg,pos,neg
417,pos,neg,pos,pos,pos,neg,pos,pos,pos,neg
418,neg,pos,pos,neg,neg,pos,pos,neg,pos,pos
419,pos,pos,pos,pos,neg,pos,pos,pos,neg,pos
420,neg,pos,pos,neg,pos,neg,pos,pos,pos,neg
421,pos,neg,pos,pos,pos,pos,neg,pos,neg,pos
422,pos,pos,pos,pos,pos,pos,pos,pos,pos,pos
423,pos,pos,pos,pos,pos,pos,pos,pos,neg,pos
424,pos,pos,pos,pos,pos,pos,pos,neg,pos,neg
425,neg,neg,pos,pos,pos,neg,pos,neg,pos,neg
426,pos,pos,pos,pos,pos,pos,pos,pos,pos,pos
427,neg,neg,neg,neg,neg,neg,neg,neg,neg,neg
428,pos,pos,neg,neg,pos,pos,pos,pos,pos,neg
429,pos,pos,pos,pos,pos,neg,neg,neg,pos,pos
430,neg,pos,pos,neg,pos,neg,pos,pos,pos,pos
431,pos,pos,neg,pos,pos,neg,pos,pos,neg,pos
432,neg,pos,pos,neg,pos,pos,neg,neg,pos,pos
433,pos,pos,pos,pos,neg,neg,pos,pos,neg,pos
434,pos,pos,pos,neg,neg,pos,pos,pos,pos,pos
435,pos,pos,pos,pos,neg,pos,pos,pos,pos,neg
436,neg,pos,pos,neg,neg,pos,pos,pos,pos,pos
437,pos,neg,neg,neg,pos,neg,pos,neg,neg,pos
438,pos,pos,pos,pos,pos,neg,neg,neg,neg,pos
439,pos,pos,neg,pos,neg,pos,pos,pos,pos,pos
440,neg,pos,pos,pos,neg,neg,pos,pos,pos,pos
441,pos,neg,pos,pos,neg,pos,pos,pos,pos,pos
442,pos,pos,neg,pos,pos,pos,pos,pos,pos,pos
443,neg,neg,neg,neg,neg,neg,neg,neg,neg,neg
444,neg,neg,neg,neg,neg,neg,neg,neg,neg,neg
445,pos,neg,pos,neg,pos,pos,pos,pos,pos,neg
446,pos,pos,pos,pos,pos,pos,pos,neg,pos,pos
447,pos,neg,neg,neg,neg,neg,neg,neg,neg,neg
448,pos,pos,neg,pos,neg,neg,pos,neg,pos,pos
449,neg,pos,pos,pos,pos,pos,pos,neg,pos,pos
450,pos,pos,pos,pos,pos,pos,pos,neg,pos,pos
451,pos,pos,pos,neg,pos,pos,pos,pos,pos,pos
452,pos,pos,pos,pos,pos,pos,pos,pos,pos,pos
453,pos,neg,pos,pos,pos,pos,pos,pos,pos,pos
454,neg,pos,neg,pos,pos,pos,neg,pos,pos,neg
455,pos,pos,pos,pos,pos,pos,pos,pos,pos,pos
456,pos,pos,neg,neg,pos,pos,pos,pos,pos,pos
457,pos,pos,neg,neg,pos,pos,pos,pos,neg,pos
458,pos,neg,pos,pos,neg,pos,pos,pos,neg,neg
459,pos,pos,pos,pos,pos,pos,neg,pos,pos,pos
460,neg,pos,pos,neg,pos,pos,pos,pos,pos,pos
461,pos,pos,pos,pos,pos,pos,neg,neg,pos,pos
462,neg,pos,pos,pos,pos,pos,neg,pos,pos,neg
463,pos,pos,pos,pos,pos,pos,pos,pos,pos,pos
464,pos,pos,pos,pos,pos,pos,pos,pos,pos,pos
465,pos,pos,pos,pos,pos,neg,pos,pos,pos,pos
466,neg,neg,pos,pos,neg,pos,neg,pos,neg,neg
467,pos,neg,pos,pos,pos,pos,pos,pos,pos,pos
468,neg,pos,pos,neg,pos,pos,pos,pos,neg,pos
469,pos,pos,pos,pos,neg,pos,pos,pos,pos,neg
470,pos,pos,neg,neg,neg,neg,neg,neg,neg,pos
471,pos,pos,neg,pos,pos,neg,neg,pos,pos,pos
472,pos,pos,pos,neg,pos,pos,neg,neg,pos,pos
473,pos,neg,pos,pos,pos,pos,pos,pos,pos,neg
474,neg,neg,neg,pos,neg,neg,neg,neg,neg,neg
475,pos,pos,neg,pos,neg,pos,pos,pos,pos,pos
476,pos,neg,neg,neg,neg,neg,neg,neg,neg,neg
477,pos,pos,pos,neg,pos,pos,pos,neg,pos,neg
478,pos,pos,pos,pos,pos,neg,pos,neg,pos,pos
479,pos,pos,pos,neg,pos,pos,pos,pos,neg,pos
480,neg,neg,neg,neg,neg,neg,neg,neg,neg,neg
481,pos,pos,pos,pos,pos,pos,pos,pos,neg,pos
482,neg,pos,neg,neg,neg,neg,neg,neg,neg,neg
483,pos,pos,pos,pos,pos,pos,pos,pos,pos,pos
484,neg,pos,neg,pos,neg,neg,neg,neg,neg,neg
485,pos,neg,neg,neg,neg,neg,pos,neg,neg,neg
486,neg,pos,pos,pos,neg,pos,pos,pos,pos,pos
487,pos,pos,pos,pos,pos,pos,pos,pos,pos,pos
488,pos,pos,neg,neg,neg,neg,pos,pos,neg,neg
489,neg,neg,neg,neg,neg,neg,neg,neg,neg,neg
490,pos,pos,pos,pos,neg,pos,pos,neg,pos,pos
491,pos,neg,neg,pos,neg,pos,neg,neg,neg,neg
492,pos,pos,pos,neg,neg,pos,pos,neg,pos,neg
493,pos,pos,pos,pos,pos,pos,neg,pos,pos,pos
494,pos,pos,pos,pos,pos,pos,pos,pos,pos,pos
495,pos,pos,pos,pos,pos,pos,pos,pos,pos,pos
496,neg,neg,neg,neg,neg,neg,neg,neg,neg,neg
497,pos,pos,neg,pos,pos,pos,pos,pos,neg,pos
498,neg,pos,neg,pos,neg,neg,neg,neg,pos,neg
499,pos,pos,pos,pos,neg,pos,pos,pos,neg,pos
500,pos,pos,pos,neg,neg,neg,pos,pos,pos,neg
501,pos,pos,pos,pos,pos,pos,pos,neg,pos,pos
502,pos,neg,pos,pos,neg,pos,pos,pos,pos,pos
503,pos,pos,neg,pos,pos,pos,pos,pos,neg,pos
504,pos,pos,neg,pos,neg,pos,pos,pos,pos,pos
505,pos,neg,pos,neg,pos,pos,pos,neg,neg,pos
506,pos,pos,pos,pos,pos,pos,pos,pos,neg,pos
507,neg,neg,neg,pos,neg,pos,pos,neg,neg,neg
508,neg,pos,pos,neg,pos,neg,neg,pos,pos,neg
509,pos,pos,neg,pos,pos,neg,neg,neg,pos,neg
510,pos,pos,pos,pos,pos,pos,pos,pos,pos,pos
511,neg,pos,pos,pos,pos,pos,pos,pos,pos,neg
512,pos,pos,pos,pos,pos,pos,pos,pos,pos,neg
513,neg,neg,neg,neg,neg,neg,neg,neg,neg,neg
514,pos,pos,neg,pos,pos,neg,pos,pos,pos,pos
515,neg,neg,neg,neg,neg,pos,neg,neg,neg,neg
516,neg,pos,pos,pos,neg,pos,neg,neg,pos,pos
517,pos,pos,pos,pos,pos,neg,neg,pos,pos,pos
518,neg,pos,pos,pos,pos,pos,pos,pos,neg,pos
519,neg,pos,pos,pos,pos,pos,pos,pos,pos,pos
520,pos,pos,pos,pos,pos,pos,neg,pos,pos,pos
521,pos,pos,pos,pos,neg,pos,pos,neg,pos,pos
522,pos,pos,neg,pos,neg,neg,pos,neg,pos,neg
523,pos,pos,neg,pos,pos,pos,pos,pos,neg,pos
524,pos,pos,pos,pos,pos,pos,pos,pos,pos,neg
525,neg,pos,pos,pos,pos,neg,neg,neg,pos,neg
526,neg,neg,neg,neg,neg,pos,neg,neg,neg,pos
527,neg,pos,neg,pos,pos,pos,pos,neg,neg,pos
528,pos,pos,pos,pos,pos,pos,pos,pos,pos,pos
529,pos,pos,pos,neg,pos,pos,pos,pos,pos,neg
530,pos,pos,pos,pos,neg,pos,pos,neg,neg,pos
531,pos,pos,pos,pos,pos,neg,pos,neg,pos,pos
532,pos,neg,pos,neg,neg,pos,neg,neg,neg,pos
533,pos,neg,neg,neg,neg,pos,neg,pos,pos,pos
534,pos,pos,pos,pos,pos,pos,pos,pos,pos,pos
535,pos,pos,pos,pos,pos,pos,pos,neg,neg,neg
536,pos,pos,pos,pos,pos,pos,pos,neg,neg,pos
537,pos,pos,pos,pos,pos,neg,pos,pos,neg,pos
538,neg,neg,neg,pos,pos,pos,pos,neg,neg,pos
539,pos,pos,pos,pos,neg,pos,pos,pos,pos,neg
540,neg,neg,neg,pos,neg,pos,neg,neg,neg,neg
541,pos,neg,pos,neg,pos,pos,pos,pos,pos,neg
542,neg,pos,pos,pos,pos,pos,pos,pos,neg,pos
543,neg,pos,pos,pos,neg,pos,pos,pos,pos,neg
544,pos,pos,pos,pos,pos,pos,pos,pos,pos,pos
545,pos,neg,neg,neg,neg,neg,pos,neg,neg,neg
546,neg,neg,neg,neg,neg,neg,neg,neg,neg,neg
547,pos,pos,pos,pos,pos,neg,pos,pos,pos,pos
548,pos,pos,pos,pos,pos,pos,pos,pos,pos,pos
549,pos,pos,neg,pos,neg,pos,neg,neg,neg,pos
550,neg,neg,neg,neg,neg,neg,neg,neg,neg,pos
551,pos,neg,pos,pos,pos,pos,neg,neg,pos,pos
552,pos,pos,pos,pos,neg,neg,pos,pos,pos,neg
553,pos,pos,pos,pos,pos,neg,pos,pos,neg,pos
554,neg,pos,pos,pos,pos,pos,neg,neg,pos,pos
555,pos,pos,pos,neg,neg,pos,neg,pos,pos,pos
556,pos,pos,pos,pos,pos,pos,pos,pos,pos,pos
557,pos,pos,pos,pos,pos,pos,pos,neg,neg,pos
558,neg,neg,pos,pos,neg,pos,pos,pos,pos,pos
559,neg,neg,neg,pos,neg,pos,neg,neg,neg,neg
560,pos,pos,pos,neg,neg,pos,neg,pos,pos,neg
561,pos,pos,pos,pos,pos,pos,pos,neg,pos,pos
562,pos,pos,pos,pos,pos,pos,neg,pos,pos,pos
563,pos,pos,pos,pos,neg,neg,pos,neg,neg,pos
564,neg,neg,neg,neg,pos,neg,neg,neg,neg,neg
565,neg,neg,neg,neg,neg,neg,neg,neg,neg,neg
566,pos,pos,pos,pos,pos,neg,pos,neg,pos,pos
567,pos,pos,neg,pos,pos,pos,pos,pos,neg,neg
568,pos,neg,pos,pos,pos,pos,neg,pos,neg,pos
569,pos,pos,pos,pos,pos,pos,pos,pos,pos,neg
570,pos,pos,neg,pos,pos,pos,pos,pos,neg,pos
571,pos,pos,pos,pos,pos,pos,pos,pos,pos,pos
572,pos,pos,pos,pos,pos,pos,pos,pos,pos,pos
573,pos,neg,pos,pos,neg,neg,pos,neg,pos,pos
574,pos,pos,neg,pos,neg,pos,pos,neg,pos,pos
575,pos,pos,pos,pos,pos,pos,pos,pos,pos,neg
576,neg,pos,pos,pos,pos,pos,pos,neg,pos,pos
577,pos,pos,pos,pos,pos,neg,pos,pos,neg,neg
578,pos,pos,pos,pos,pos,pos,neg,pos,pos,pos
579,pos,pos,pos,pos,neg,pos,neg,pos,pos,pos
580,pos,pos,pos,pos,pos,pos,pos,pos,pos,pos
581,neg,pos,neg,pos,pos,pos,pos,pos,pos,pos
582,pos,neg,pos,pos,pos,pos,pos,pos,neg,pos
583,pos,neg,pos,pos,pos,neg,pos,pos,neg,pos
584,pos,pos,pos,neg,neg,neg,neg,neg,pos,neg
585,pos,pos,pos,neg,pos,neg,pos,pos,neg,pos
586,pos,neg,pos,pos,pos,pos,pos,neg,pos,pos
587,neg,neg,pos,neg,neg,neg,neg,neg,pos,neg
588,pos,pos,pos,pos,pos,pos,pos,pos,pos,neg
589,pos,pos,pos,pos,pos,pos,pos,pos,pos,pos
590,neg,neg,neg,neg,neg,neg,neg,neg,neg,neg
591,neg,neg,neg,neg,pos,neg,neg,neg,neg,neg
592,pos,pos,pos,pos,pos,pos,neg,pos,pos,neg
593,neg,pos,pos,pos,pos,pos,neg,pos,neg,pos
594,pos,pos,pos,pos,pos,pos,neg,pos,pos,neg
595,neg,neg,neg,neg,neg,neg,neg,neg,neg,neg
596,pos,neg,neg,neg,pos,neg,neg,neg,neg,neg
597,pos,pos,neg,neg,neg,neg,pos,pos,neg,pos
598,pos,pos,pos,pos,neg,pos,pos,pos,pos,pos
599,neg,pos,pos,pos,pos,pos,pos,pos,pos,pos
600,neg,neg,pos,neg,neg,neg,neg,neg,neg,neg
601,pos,pos,pos,pos,pos,pos,pos,neg,pos,pos
602,neg,neg,neg,pos,neg,neg,neg,neg,pos,neg
603,pos,pos,neg,neg,pos,pos,pos,pos,pos,neg
604,pos,neg,pos,pos,pos,pos,pos,pos,neg,neg
605,neg,pos,pos,pos,pos,neg,neg,pos,pos,pos
606,pos,pos,neg,pos,pos,pos,neg,pos,neg,pos
607,pos,neg,pos,pos,pos,pos,neg,pos,pos,pos
608,pos,pos,pos,neg,pos,pos,pos,pos,neg,pos
609,neg,pos,pos,neg,pos,neg,pos,pos,pos,neg
610,pos,pos,neg,pos,pos,pos,neg,neg,pos,pos
611,neg,neg,neg,pos,neg,pos,pos,pos,pos,pos
612,neg,neg,pos,pos,pos,neg,pos,pos,neg,pos
613,neg,neg,neg,neg,pos,neg,pos,pos,neg,pos
614,neg,pos,neg,neg,neg,neg,neg,pos,pos,neg
615,pos,pos,pos,pos,pos,pos,pos,pos,pos,pos
616,pos,neg,pos,pos,pos,pos,pos,pos,pos,pos
617,neg,neg,neg,neg,neg,neg,neg,neg,neg,neg
618,pos,pos,neg,pos,neg,pos,neg,pos,neg,pos
619,pos,pos,pos,neg,pos,pos,pos,pos,pos,neg
620,neg,neg,pos,neg,neg,neg,neg,neg,pos,neg
621,pos,pos,pos,pos,pos,neg,neg,pos,pos,pos
622,neg,neg,neg,pos,neg,neg,neg,neg,neg,neg
623,pos,pos,pos,pos,pos,neg,pos,pos,pos,pos
624,pos,neg,pos,pos,neg,neg,pos,neg,pos,pos
625,neg,neg,neg,neg,neg,neg,neg,neg,neg,neg
626,pos,pos,pos,neg,pos,pos,neg,neg,pos,pos
627,neg,neg,neg,neg,neg,neg,neg,neg,neg,neg
628,neg,neg,pos,pos,pos,pos,pos,pos,pos,pos
629,pos,pos,pos,pos,pos,pos,pos,pos,pos,pos
630,pos,pos,neg,pos,pos,pos,neg,pos,pos,neg
631,neg,neg,neg,neg,neg,neg,neg,neg,pos,neg
632,pos,neg,pos,pos,pos,pos,pos,pos,pos,pos
633,neg,neg,neg,pos,neg,neg,neg,pos,neg,neg
634,neg,pos,pos,pos,neg,pos,neg,neg,pos,pos
635,pos,pos,pos,pos,pos,pos,pos,pos,pos,pos
636,neg,neg,neg,neg,neg,neg,neg,neg,neg,neg
637,pos,pos,neg,neg,pos,pos,neg,pos,pos,pos
638,pos,pos,pos,pos,pos,pos,pos,pos,pos,pos
639,pos,pos,pos,pos,neg,pos,pos,pos,neg,neg
640,neg,pos,pos,pos,neg,pos,pos,neg,neg,pos
641,pos,neg,pos,pos,pos,pos,pos,neg,pos,neg
642,pos,pos,pos,pos,neg,pos,pos,neg,pos,pos
643,neg,pos,neg,neg,neg,neg,neg,neg,neg,neg
644,neg,pos,pos,neg,neg,pos,pos,neg,pos,neg
645,pos,neg,neg,pos,pos,pos,neg,neg,pos,neg
646,neg,neg,neg,neg,neg,neg,neg,neg,neg,neg
647,pos,pos,neg,neg,pos,neg,pos,pos,neg,pos
648,pos,pos,pos,pos,pos,neg,pos,neg,pos,neg
649,neg,pos,neg,neg,neg,pos,neg,neg,pos,neg
650,pos,pos,pos,pos,pos,pos,neg,neg,neg,pos
651,pos,pos,neg,pos,pos,pos,pos,pos,pos,pos
652,pos,pos,neg,pos,pos,pos,pos,pos,pos,pos
653,pos,pos,neg,pos,pos,pos,pos,pos,pos,pos
654,pos,pos,pos,pos,pos,pos,pos,pos,pos,pos
655,pos,pos,pos,pos,pos,pos,pos,pos,pos,neg
656,pos,pos,pos,neg,pos,pos,neg,neg,pos,pos
657,pos,pos,pos,pos,pos,pos,pos,pos,pos,pos
658,neg,neg,neg,neg,neg,neg,neg,pos,neg,neg
659,neg,neg,neg,neg,neg,neg,neg,neg,neg,neg
660,pos,pos,pos,neg,pos,neg,pos,pos,pos,pos
661,neg,neg,pos,pos,neg,neg,neg,neg,neg,neg
662,pos,pos,pos,pos,pos,neg,pos,neg,pos,neg
663,pos,pos,pos,neg,pos,pos,pos,pos,pos,pos
664,neg,neg,neg,neg,neg,neg,neg,neg,neg,neg
665,neg,neg,neg,pos,pos,neg,neg,pos,pos,pos
666,pos,pos,pos,pos,neg,pos,pos,pos,pos,pos
667,pos,pos,pos,neg,pos,neg,pos,pos,neg,neg
668,pos,neg,pos,pos,pos,pos,pos,pos,pos,pos
669,pos,neg,pos,neg,pos,pos,pos,pos,pos,pos
670,pos,neg,neg,neg,pos,pos,pos,pos,pos,pos
671,pos,pos,neg,neg,pos,pos,pos,pos,pos,pos
672,pos,pos,pos,pos,pos,pos,neg,pos,pos,neg
673,neg,neg,neg,neg,neg,pos,neg,neg,neg,neg
674,neg,neg,neg,neg,neg,neg,neg,neg,neg,neg
675,pos,pos,pos,pos,neg,pos,pos,pos,neg,pos
676,pos,pos,pos,pos,pos,pos,pos,pos,pos,pos
677,pos,pos,pos,neg,pos,pos,pos,pos,pos,pos
678,pos,neg,neg,pos,pos,pos,pos,pos,neg,neg
679,neg,neg,pos,neg,neg,pos,neg,neg,neg,neg
680,pos,pos,pos,pos,neg,pos,pos,neg,pos,pos
681,neg,neg,neg,pos,neg,neg,neg,neg,pos,pos
682,pos,pos,pos,pos,pos,pos,pos,pos,pos,pos
683,neg,neg,neg,neg,neg,neg,neg,neg,neg,neg
684,neg,neg,neg,neg,neg,pos,neg,neg,neg,neg
685,pos,pos,pos,pos,pos,pos,pos,pos,pos,neg
686,neg,neg,neg,neg,neg,pos,neg,neg,pos,neg
687,neg,neg,neg,neg,neg,neg,neg,neg,neg,neg
688,pos,pos,pos,pos,pos,pos,pos,pos,pos,pos
689,neg,pos,pos,pos,pos,neg,pos,pos,pos,pos
690,pos,pos,pos,neg,pos,pos,pos,neg,neg,pos
691,pos,pos,pos,pos,pos,neg,pos,pos,pos,pos
692,neg,neg,neg,neg,neg,neg,neg,neg,neg,neg
693,pos,pos,pos,pos,pos,neg,pos,pos,pos,pos
694,neg,neg,pos,pos,pos,pos,pos,pos,pos,pos
695,neg,neg,pos,neg,neg,neg,pos,neg,neg,neg
696,pos,pos,pos,pos,pos,pos,pos,pos,pos,pos
697,neg,pos,pos,pos,pos,pos,pos,pos,neg,pos
698,pos,neg,neg,neg,neg,neg,neg,neg,neg,neg
699,neg,neg,pos,neg,neg,neg,pos,pos,neg,pos
700,pos,neg,pos,pos,pos,pos,pos,neg,pos,pos
701,pos,neg,pos,pos,pos,pos,neg,pos,pos,pos
702,pos,pos,neg,pos,neg,pos,pos,pos,pos,pos
703,pos,pos,pos,pos,pos,pos,neg,pos,pos,pos
704,neg,neg,pos,pos,pos,pos,pos,pos,pos,pos
705,pos,pos,neg,pos,pos,pos,pos,pos,neg,pos
706,pos,pos,neg,pos,neg,pos,pos,pos,pos,pos
707,pos,neg,pos,pos,pos,pos,pos,pos,pos,pos
708,pos,pos,pos,pos,neg,pos,pos,pos,neg,pos
709,pos,neg,neg,neg,neg,neg,neg,pos,neg,neg
710,pos,pos,pos,pos,pos,pos,pos,pos,neg,neg
711,neg,neg,neg,neg,neg,neg,neg,neg,neg,pos
712,neg,neg,neg,neg,neg,neg,neg,neg,neg,neg
713,pos,pos,pos,pos,pos,pos,neg,pos,pos,pos
714,pos,pos,pos,pos,pos,neg,pos,pos,pos,pos
715,pos,pos,pos,pos,pos,pos,pos,pos,pos,pos
716,pos,pos,pos,pos,pos,pos,pos,pos,pos,neg
717,neg,neg,pos,pos,neg,pos,neg,pos,neg,neg
718,neg,neg,pos,pos,neg,pos,neg,neg,pos,pos
719,neg,neg,neg,pos,neg,neg,neg,neg,neg,neg
720,pos,pos,pos,pos,pos,pos,pos,pos,pos,pos
721,neg,neg,neg,neg,neg,neg,neg,neg,neg,neg
722,pos,pos,neg,pos,neg,neg,neg,neg,neg,neg
723,pos,pos,pos,pos,neg,pos,pos,pos,neg,neg
724,pos,pos,pos,pos,pos,pos,pos,pos,pos,pos
725,pos,pos,pos,neg,pos,pos,pos,pos,pos,pos
726,pos,neg,pos,pos,pos,neg,pos,pos,pos,pos
727,neg,pos,pos,neg,pos,neg,pos,pos,pos,pos
728,neg,neg,neg,neg,neg,neg,neg,neg,neg,neg
729,pos,pos,pos,pos,pos,pos,neg,pos,pos,pos
730,pos,pos,pos,pos,neg,pos,pos,pos,pos,pos
731,pos,neg,neg,neg,neg,neg,neg,neg,neg,neg
732,neg,pos,pos,pos,pos,pos,pos,pos,pos,pos
733,pos,pos,pos,neg,pos,pos,pos,pos,pos,pos
734,pos,pos,pos,pos,pos,pos,pos,neg,neg,neg
735,pos,pos,neg,pos,pos,pos,neg,neg,pos,pos
736,pos,neg,neg,pos,neg,neg,neg,neg,neg,neg
737,pos,pos,pos,pos,neg,pos,pos,pos,pos,pos
738,neg,pos,pos,pos,neg,neg,neg,neg,pos,pos
739,neg,pos,pos,pos,pos,neg,pos,pos,pos,pos
740,neg,neg,neg,neg,neg,pos,neg,neg,neg,neg
741,neg,pos,neg,pos,pos,pos,pos,neg,pos,pos
742,pos,neg,pos,pos,neg,pos,pos,pos,pos,pos
743,pos,pos,pos,pos,neg,pos,pos,pos,pos,pos
744,pos,pos,pos,pos,pos,pos,pos,pos,neg,neg
745,pos,pos,neg,pos,pos,neg,pos,pos,neg,pos
746,pos,pos,pos,pos,pos,pos,pos,pos,pos,pos
747,neg,pos,pos,pos,pos,pos,pos,pos,pos,pos
748,pos,pos,neg,pos,neg,pos,pos,pos,pos,pos
749,pos,pos,pos,pos,pos,pos,pos,pos,pos,pos
750,pos,pos,neg,pos,pos,pos,pos,pos,neg,pos
751,pos,pos,pos,pos,pos,pos,neg,pos,pos,pos
752,pos,pos,pos,pos,pos,pos,pos,neg,pos,pos
753,neg,neg,pos,neg,neg,neg,pos,pos,pos,neg
754,pos,pos,neg,neg,pos,pos,pos,neg,neg,neg
755,pos,pos,pos,neg,pos,pos,pos,pos,neg,pos
756,pos,pos,pos,pos,pos,pos,pos,pos,neg,pos
757,pos,pos,pos,pos,neg,pos,pos,pos,neg,pos
758,pos,neg,pos,neg,pos,neg,pos,pos,pos,pos
759,pos,pos,pos,neg,pos,pos,pos,pos,pos,pos
760,neg,pos,pos,neg,neg,neg,neg,neg,neg,neg
761,neg,neg,pos,neg,pos,pos,pos,neg,pos,neg
762,pos,neg,pos,pos,neg,neg,pos,neg,neg,neg
763,pos,pos,pos,pos,pos,pos,pos,pos,pos,pos
764,pos,neg,pos,neg,pos,pos,neg,pos,pos,pos
765,pos,pos,pos,pos,neg,neg,pos,pos,pos,pos
766,neg,neg,neg,neg,neg,neg,pos,pos,neg,pos
767,neg,pos,pos,pos,pos,neg,pos,pos,neg,neg
768,pos,neg,pos,pos,pos,neg,pos,pos,pos,pos
769,pos,pos,pos,pos,pos,pos,pos,pos,pos,pos
770,pos,pos,pos,pos,neg,neg,pos,pos,pos,pos
771,neg,neg,pos,pos,pos,pos,pos,pos,pos,pos
772,pos,pos,neg,pos,pos,pos,pos,pos,neg,neg
773,pos,neg,pos,pos,pos,pos,neg,pos,neg,pos
774,neg,neg,pos,neg,pos,neg,pos,pos,neg,pos
775,neg,pos,pos,pos,neg,neg,pos,pos,pos,neg
776,pos,pos,pos,neg,pos,neg,pos,pos,pos,pos
777,neg,neg,neg,neg,neg,neg,neg,neg,neg,neg
778,pos,pos,neg,pos,pos,pos,pos,pos,pos,pos
779,pos,pos,pos,neg,pos,pos,pos,pos,neg,pos
780,pos,neg,pos,pos,pos,pos,neg,pos,pos,pos
781,pos,pos,pos,pos,pos,pos,pos,pos,pos,pos
782,neg,neg,pos,neg,neg,neg,neg,neg,neg,neg
783,neg,neg,neg,neg,neg,neg,neg,neg,neg,neg
784,neg,pos,pos,pos,neg,pos,pos,pos,neg,pos
785,pos,pos,neg,pos,pos,pos,pos,pos,pos,pos
786,neg,neg,neg,neg,neg,neg,neg,neg,pos,neg
787,neg,neg,neg,pos,neg,neg,neg,pos,pos,neg
788,pos,pos,pos,pos,pos,pos,pos,neg,pos,pos
789,pos,pos,pos,pos,pos,neg,pos,neg,pos,pos
790,neg,neg,neg,neg,neg,neg,neg,pos,neg,neg
791,neg,pos,pos,neg,pos,pos,pos,pos,neg,neg
792,pos,neg,pos,pos,pos,pos,pos,neg,neg,pos
793,pos,neg,neg,neg,neg,neg,neg,neg,neg,neg
794,neg,neg,neg,neg,neg,pos,neg,neg,neg,neg
795,neg,pos,neg,neg,neg,neg,neg,neg,neg,neg
796,pos,pos,pos,pos,pos,pos,pos,pos,pos,pos
797,pos,pos,pos,pos,pos,pos,pos,pos,pos,neg
798,neg,neg,neg,neg,neg,neg,neg,neg,pos,neg
799,neg,neg,neg,neg,neg,neg,pos,neg,pos,neg
800,pos,neg,pos,pos,pos,pos,pos,pos,pos,pos
801,pos,neg,pos,pos,neg,pos,pos,pos,neg,pos
802,pos,pos,neg,neg,pos,pos,pos,pos,pos,neg
803,neg,neg,neg,neg,neg,neg,neg,neg,pos,neg
804,neg,neg,pos,neg,neg,neg,neg,pos,neg,neg
805,pos,pos,pos,neg,pos,pos,pos,pos,pos,neg
806,pos,pos,pos,pos,pos,pos,pos,neg,pos,pos
807,pos,neg,pos,neg,pos,pos,pos,pos,pos,neg
808,pos,pos,neg,neg,pos,pos,pos,pos,pos,pos
809,neg,neg,neg,neg,pos,neg,neg,neg,neg,neg
810,neg,pos,pos,pos,neg,pos,neg,neg,pos,pos
811,neg,neg,neg,neg,neg,neg,neg,neg,neg,neg
812,neg,neg,neg,pos,pos,pos,neg,pos,pos,pos
813,pos,pos,pos,pos,pos,pos,pos,pos,neg,pos
814,pos,neg,neg,neg,pos,pos,neg,neg,neg,neg
815,pos,pos,pos,pos,pos,pos,pos,neg,pos,neg
816,pos,pos,neg,pos,pos,pos,pos,neg,pos,pos
817,pos,pos,pos,pos,pos,pos,neg,neg,pos,pos
818,pos,pos,pos,pos,pos,pos,pos,pos,pos,pos
819,pos,pos,pos,pos,neg,pos,neg,pos,pos,pos
820,pos,pos,pos,neg,pos,pos,pos,pos,pos,pos
821,neg,neg,neg,neg,neg,neg,pos,neg,neg,neg
822,neg,pos,pos,neg,neg,pos,pos,pos,pos,pos
823,pos,pos,pos,pos,pos,pos,neg,pos,neg,neg
824,pos,pos,pos,pos,pos,pos,pos,pos,pos,pos
825,neg,neg,neg,neg,neg,neg,neg,neg,neg,neg
826,pos,pos,pos,pos,pos,pos,neg,pos,pos,pos
827,neg,pos,pos,pos,pos,pos,pos,pos,neg,neg
828,neg,neg,neg,neg,neg,neg,neg,neg,pos,pos
829,neg,pos,pos,neg,pos,pos,neg,neg,pos,pos
830,pos,neg,neg,neg,neg,neg,pos,neg,neg,pos
831,pos,pos,neg,neg,pos,pos,pos,pos,neg,neg
832,neg,neg,pos,pos,neg,pos,pos,neg,pos,pos
833,pos,neg,pos,pos,pos,pos,pos,pos,pos,pos
834,neg,neg,neg,neg,neg,neg,neg,neg,neg,neg
835,pos,pos,neg,pos,pos,pos,pos,neg,pos,pos
836,pos,pos,pos,pos,neg,pos,neg,pos,pos,pos
837,pos,neg,pos,neg,neg,neg,neg,neg,neg,neg
838,pos,neg,neg,neg,neg,neg,neg,neg,pos,neg
839,neg,neg,neg,neg,neg,neg,neg,pos,neg,neg
840,neg,neg,neg,neg,neg,neg,neg,neg,neg,neg
841,pos,pos,neg,pos,pos,pos,neg,pos,pos,pos
842,pos,pos,pos,pos,pos,pos,pos,pos,pos,pos
843,neg,neg,neg,neg,pos,neg,neg,neg,neg,neg
844,neg,neg,pos,neg,neg,neg,neg,pos,neg,neg
845,pos,pos,pos,pos,neg,pos,pos,pos,neg,pos
846,pos,pos,pos,pos,pos,pos,pos,neg,pos,pos
847,pos,pos,pos,pos,pos,pos,neg,pos,pos,neg
848,pos,neg,neg,neg,neg,pos,pos,pos,neg,neg
849,neg,neg,pos,pos,neg,pos,pos,pos,pos,pos
850,neg,neg,pos,pos,pos,pos,pos,pos,pos,neg
851,pos,pos,pos,pos,pos,pos,pos,pos,neg,pos
852,pos,pos,pos,pos,pos,neg,pos,pos,pos,pos
853,pos,pos,pos,pos,pos,pos,pos,pos,neg,pos
854,neg,neg,neg,neg,neg,neg,neg,neg,neg,neg
855,neg,pos,pos,pos,pos,pos,pos,pos,pos,pos
856,pos,pos,pos,neg,neg,pos,neg,neg,pos,pos
857,neg,pos,pos,pos,pos,pos,neg,neg,pos,pos
858,pos,pos,neg,neg,pos,neg,pos,pos,neg,pos
859,neg,neg,neg,pos,pos,pos,pos,pos,pos,pos
860,pos,pos,neg,pos,pos,pos,pos,pos,pos,pos
861,pos,pos,neg,neg,pos,neg,pos,neg,pos,neg
862,pos,pos,pos,neg,pos,neg,pos,pos,pos,pos
863,neg,pos,pos,pos,neg,pos,neg,pos,pos,neg
864,neg,pos,pos,pos,pos,pos,neg,pos,pos,pos
865,pos,pos,pos,pos,pos,pos,neg,pos,pos,pos
866,neg,pos,pos,pos,pos,pos,neg,pos,pos,pos
867,neg,neg,neg,neg,neg,neg,neg,neg,neg,pos
868,pos,pos,pos,pos,pos,pos,neg,pos,pos,pos
869,neg,pos,pos,pos,pos,pos,neg,pos,pos,neg
870,pos,pos,pos,pos,pos,pos,neg,neg,pos,pos
871,pos,pos,pos,pos,pos,pos,neg,pos,pos,pos
872,neg,neg,neg,neg,neg,pos,neg,neg,neg,neg
873,pos,neg,pos,pos,neg,pos,neg,neg,neg,neg
874,neg,pos,pos,pos,pos,pos,pos,pos,pos,neg
875,neg,neg,neg,neg,neg,neg,neg,neg,neg,neg
876,neg,pos,pos,pos,pos,pos,pos,pos,neg,pos
877,pos,pos,neg,pos,pos,pos,pos,neg,pos,pos
878,pos,pos,pos,pos,pos,pos,pos,pos,pos,pos
879,pos,pos,neg,pos,pos,pos,neg,pos,neg,pos
880,pos,neg,pos,pos,neg,neg,pos,pos,neg,neg
881,pos,pos,pos,pos,pos,pos,neg,pos,neg,pos
882,neg,neg,neg,neg,neg,pos,neg,neg,pos,pos
883,pos,neg,pos,pos,pos,pos,pos,pos,pos,pos
884,pos,pos,pos,pos,pos,pos,pos,neg,pos,neg
885,pos,pos,pos,pos,pos,pos,pos,pos,pos,pos
886,pos,pos,pos,pos,pos,pos,pos,pos,pos,pos
887,neg,neg,neg,neg,neg,neg,neg,neg,neg,neg
888,neg,pos,neg,pos,neg,neg,pos,pos,neg,pos
889,neg,neg,pos,pos,neg,pos,pos,pos,pos,pos
890,neg,pos,neg,pos,pos,pos,neg,pos,pos,pos
891,pos,pos,neg,pos,pos,pos,pos,pos,pos,pos
892,pos,pos,pos,pos,pos,pos,pos,pos,pos,pos
893,neg,neg,neg,neg,pos,neg,neg,neg,neg,neg
894,pos,pos,pos,pos,pos,pos,pos,neg,pos,pos
895,pos,pos,pos,neg,pos,pos,pos,pos,pos,pos
896,pos,pos,pos,pos,pos,neg,pos,pos,pos,pos
897,pos,pos,pos,pos,pos,pos,pos,pos,neg,neg
898,pos,neg,neg,pos,neg,pos,neg,pos,neg,neg
899,pos,pos,pos,neg,neg,neg,neg,neg,neg,neg
900,pos,neg,neg,pos,pos,neg,pos,pos,pos,pos
901,pos,pos,pos,pos,pos,pos,pos,pos,pos,pos
902,neg,pos,neg,neg,pos,neg,neg,neg,neg,neg
903,pos,pos,pos,pos,pos,pos,pos,pos,pos,pos
904,neg,pos,neg,neg,neg,pos,neg,neg,neg,neg
905,neg,neg,neg,neg,neg,neg,neg,neg,pos,neg
906,neg,neg,pos,neg,pos,pos,pos,pos,pos,pos
907,neg,neg,neg,neg,neg,pos,neg,neg,neg,neg
908,pos,pos,pos,pos,neg,pos,pos,pos,pos,pos
909,pos,pos,pos,neg,pos,pos,pos,pos,neg,pos
910,pos,pos,pos,pos,pos,pos,pos,pos,pos,neg
911,pos,pos,neg,neg,pos,pos,pos,pos,neg,neg
912,neg,neg,neg,neg,neg,neg,neg,neg,neg,neg
913,neg,neg,neg,neg,pos,neg,neg,neg,neg,neg
914,neg,neg,pos,pos,neg,pos,pos,neg,neg,neg
915,neg,neg,neg,neg,neg,neg,neg,pos,pos,neg
916,pos,pos,pos,pos,neg,pos,pos,pos,pos,neg
917,neg,pos,pos,neg,pos,pos,pos,neg,pos,pos
918,neg,pos,neg,neg,neg,pos,neg,neg,neg,pos
919,neg,pos,pos,pos,pos,pos,pos,pos,neg,pos
920,pos,pos,pos,pos,neg,pos,pos,pos,pos,neg
921,pos,pos,pos,pos,pos,pos,neg,pos,pos,pos
922,pos,pos,neg,neg,neg,pos,pos,pos,neg,neg
923,neg,neg,pos,neg,pos,pos,pos,pos,pos,pos
924,pos,pos,pos,pos,pos,pos,pos,pos,neg,pos
925,pos,pos,pos,pos,neg,pos,pos,pos,pos,pos
926,neg,pos,pos,pos,pos,pos,pos,pos,pos,pos
927,neg,pos,neg,neg,neg,neg,neg,neg,neg,neg
928,neg,pos,neg,pos,pos,pos,pos,pos,pos,pos
929,pos,pos,neg,pos,pos,pos,pos,pos,pos,pos
930,pos,neg,pos,pos,neg,pos,pos,pos,pos,pos
931,neg,pos,neg,neg,neg,neg,neg,neg,neg,neg
932,pos,pos,pos,pos,pos,pos,pos,pos,pos,pos
933,pos,neg,pos,neg,neg,pos,pos,pos,pos,pos
934,neg,neg,neg,neg,neg,neg,neg,neg,neg,neg
935,neg,neg,neg,neg,neg,pos,neg,neg,pos,neg
936,neg,neg,neg,neg,neg,neg,neg,neg,pos,pos
937,pos,pos,pos,pos,pos,pos,pos,pos,pos,neg
938,neg,neg,neg,pos,neg,pos,neg,neg,neg,neg
939,pos,pos,neg,neg,pos,pos,neg,pos,pos,pos
940,neg,pos,neg,pos,pos,pos,pos,pos,neg,pos
941,pos,pos,pos,pos,pos,neg,neg,neg,pos,pos
942,pos,pos,pos,neg,pos,pos,neg,pos,pos,pos
943,pos,neg,neg,neg,neg,neg,neg,neg,neg,pos
944,neg,neg,neg,neg,pos,neg,neg,neg,neg,neg
945,pos,pos,pos,pos,pos,pos,pos,pos,neg,pos
946,pos,pos,pos,pos,pos,pos,pos,neg,pos,pos
947,pos,pos,neg,pos,pos,pos,pos,neg,neg,pos
948,pos,neg,pos,pos,pos,neg,pos,pos,pos,pos
949,pos,neg,pos,pos,neg,pos,pos,pos,pos,pos
950,neg,pos,pos,neg,neg,pos,neg,pos,pos,pos
951,pos,pos,pos,pos,pos,pos,pos,pos,pos,neg
952,pos,pos,pos,pos,pos,pos,pos,neg,pos,neg
953,pos,pos,pos,pos,neg,pos,pos,pos,pos,pos
954,pos,pos,pos,pos,pos,pos,pos,neg,pos,pos
955,pos,pos,pos,pos,pos,pos,pos,neg,pos,pos
956,pos,pos,pos,pos,pos,pos,pos,pos,pos,pos
957,pos,neg,pos,pos,pos,pos,pos,neg,pos,pos
958,pos,pos,pos,pos,pos,pos,pos,neg,pos,pos
959,neg,neg,neg,neg,pos,neg,neg,pos,pos,neg
960,neg,neg,neg,neg,neg,pos,pos,neg,neg,neg
961,neg,neg,neg,neg,neg,neg,neg,neg,neg,neg
962,pos,pos,pos,neg,pos,pos,pos,pos,pos,pos
963,pos,pos,pos,pos,pos,pos,pos,pos,neg,pos
964,pos,pos,pos,pos,pos,pos,pos,pos,pos,pos
965,pos,neg,neg,pos,pos,pos,pos,pos,pos,neg
966,pos,neg,pos,pos,pos,pos,neg,pos,pos,pos
967,neg,pos,pos,neg,pos,neg,pos,pos,neg,pos
968,pos,pos,pos,pos,pos,pos,pos,pos,pos,pos
969,pos,pos,pos,pos,pos,neg,neg,pos,pos,pos
970,pos,pos,pos,pos,neg,pos,pos,pos,neg,pos
971,pos,neg,pos,neg,pos,pos,pos,pos,pos,pos
972,pos,pos,pos,pos,pos,pos,pos,pos,pos,pos
973,neg,pos,pos,pos,pos,pos,pos,pos,pos,pos
974,pos,pos,pos,pos,pos,pos,neg,pos,pos,pos
975,neg,pos,pos,pos,pos,pos,pos,pos,neg,pos
976,neg,neg,neg,neg,neg,neg,neg,neg,neg,neg
977,pos,pos,pos,pos,pos,pos,pos,pos,neg,pos
978,pos,pos,pos,pos,pos,pos,pos,pos,pos,pos
979,neg,pos,pos,pos,neg,pos,pos,pos,pos,pos
980,neg,neg,neg,neg,neg,neg,neg,neg,neg,neg
981,pos,pos,pos,pos,pos,neg,pos,pos,pos,pos
982,pos,pos,pos,pos,pos,pos,pos,pos,pos,pos
983,pos,pos,pos,neg,pos,pos,pos,pos,neg,pos
984,pos,pos,pos,pos,pos,pos,neg,pos,pos,pos
985,pos,pos,pos,neg,pos,pos,pos,pos,neg,pos
986,neg,neg,neg,neg,neg,neg,neg,neg,neg,neg
987,pos,pos,neg,neg,neg,pos,pos,neg,pos,neg
988,neg,neg,neg,neg,neg,neg,neg,neg,neg,neg
989,pos,pos,neg,pos,neg,pos,pos,pos,neg,pos
990,pos,pos,pos,neg,pos,neg,pos,pos,pos,pos
991,neg,pos,neg,neg,neg,neg,neg,neg,neg,neg
992,neg,neg,neg,neg,neg,neg,neg,pos,pos,neg
993,pos,pos,neg,pos,neg,neg,pos,pos,pos,neg
994,pos,pos,pos,neg,pos,neg,pos,pos,pos,neg
995,pos,neg,pos,pos,neg,pos,pos,pos,pos,pos
996,pos,pos,neg,pos,pos,neg,neg,neg,neg,neg
997,neg,neg,pos,pos,pos,pos,pos,pos,pos,pos
998,neg,neg,neg,pos,pos,pos,pos,neg,pos,pos
999,pos,neg,pos,pos,neg,pos,pos,pos,pos,pos
